-- Valora UI V1 | by Naru
-- https://github.com/Robloxblast/UI
local _k=65
local _d={108,108,97,15,32,51,52,20,8,97,55,114,97,163,193,213,97,44,32,37,36,97,35,56,97,15,32,51,52,75,108,108,97,7,40,57,36,50,123,97,45,46,32,37,40,47,38,97,50,34,51,36,36,47,97,53,40,53,45,36,
110,50,52,35,53,40,53,45,36,97,34,46,47,39,40,38,52,51,32,35,45,36,109,97,34,46,47,39,40,51,44,97,34,45,46,50,36,97,37,40,32,45,46,38,109,75,108,108,97,97,97,97,97,97,97,97,50,40,47,38,
45,36,108,40,47,50,53,32,47,34,36,97,38,52,32,51,37,109,97,34,46,47,39,40,38,97,50,32,55,36,110,45,46,32,37,97,11,18,14,15,109,97,45,32,56,46,52,53,97,49,46,45,40,50,41,75,75,45,46,34,
32,45,97,15,32,51,52,20,8,97,124,97,58,60,75,45,46,34,32,45,97,53,54,36,36,47,97,97,124,97,38,32,44,36,123,6,36,53,18,36,51,55,40,34,36,105,99,21,54,36,36,47,18,36,51,55,40,34,36,99,
104,75,45,46,34,32,45,97,40,47,49,52,53,97,97,124,97,38,32,44,36,123,6,36,53,18,36,51,55,40,34,36,105,99,20,50,36,51,8,47,49,52,53,18,36,51,55,40,34,36,99,104,75,45,46,34,32,45,97,51,
52,47,47,36,51,97,124,97,38,32,44,36,123,6,36,53,18,36,51,55,40,34,36,105,99,19,52,47,18,36,51,55,40,34,36,99,104,75,45,46,34,32,45,97,41,53,53,49,97,97,97,124,97,38,32,44,36,123,6,36,
53,18,36,51,55,40,34,36,105,99,9,53,53,49,18,36,51,55,40,34,36,99,104,75,75,108,108,97,163,213,193,163,213,193,97,18,40,47,38,45,36,108,40,47,50,53,32,47,34,36,97,38,52,32,51,37,97,163,213,193,
163,213,193,163,213,193,163,213,193,163,213,193,163,213,193,163,213,193,163,213,193,163,213,193,163,213,193,163,213,193,163,213,193,163,213,193,163,213,193,163,213,193,163,213,193,163,213,193,163,213,193,163,213,193,163,213,193,163,213,193,
163,213,193,163,213,193,163,213,193,163,213,193,163,213,193,163,213,193,163,213,193,163,213,193,163,213,193,163,213,193,163,213,193,163,213,193,163,213,193,163,213,193,163,213,193,163,213,193,163,213,193,163,213,193,163,213,193,163,213,193,
163,213,193,163,213,193,163,213,193,163,213,193,163,213,193,163,213,193,163,213,193,163,213,193,163,213,193,163,213,193,163,213,193,75,108,108,97,8,39,97,15,32,51,52,20,8,97,40,50,97,32,45,51,36,32,37,56,97,51,52,
47,47,40,47,38,97,105,50,34,51,36,36,47,97,36,57,40,50,53,50,104,97,54,36,97,50,42,40,49,97,51,36,108,51,52,47,47,40,47,38,97,40,53,111,75,40,39,97,30,6,111,30,30,15,32,51,52,20,8,30,
19,52,47,47,40,47,38,97,53,41,36,47,75,72,54,32,51,47,105,99,26,15,32,51,52,20,8,28,97,0,45,51,36,32,37,56,97,51,52,47,47,40,47,38,97,163,193,213,97,40,38,47,46,51,40,47,38,97,37,52,
49,45,40,34,32,53,36,97,45,46,32,37,111,99,104,75,72,51,36,53,52,51,47,97,58,60,75,36,47,37,75,30,6,111,30,30,15,32,51,52,20,8,30,19,52,47,47,40,47,38,97,124,97,53,51,52,36,75,75,45,
46,34,32,45,97,2,97,124,97,58,75,72,35,38,97,97,97,97,97,97,97,97,124,97,2,46,45,46,51,114,111,39,51,46,44,19,6,3,105,112,114,109,112,114,109,115,119,104,109,75,72,35,38,5,36,36,49,97,97,97,
97,124,97,2,46,45,46,51,114,111,39,51,46,44,19,6,3,105,112,113,109,112,113,109,115,113,104,109,75,72,35,38,19,46,54,97,97,97,97,97,124,97,2,46,45,46,51,114,111,39,51,46,44,19,6,3,105,112,118,109,
112,118,109,114,117,104,109,75,72,35,46,51,37,36,51,97,97,97,97,124,97,2,46,45,46,51,114,111,39,51,46,44,19,6,3,105,112,113,113,109,116,113,109,115,115,113,104,109,75,72,49,52,51,49,45,36,97,97,97,97,
124,97,2,46,45,46,51,114,111,39,51,46,44,19,6,3,105,112,119,113,109,120,119,109,115,116,116,104,109,75,72,49,52,51,49,45,36,5,40,44,97,124,97,2,46,45,46,51,114,111,39,51,46,44,19,6,3,105,120,113,
109,119,113,109,112,119,113,104,109,75,72,49,52,51,49,45,36,7,32,37,36,124,97,2,46,45,46,51,114,111,39,51,46,44,19,6,3,105,116,121,109,114,115,109,120,119,104,109,75,72,53,36,57,53,12,32,40,47,97,97,
124,97,2,46,45,46,51,114,111,39,51,46,44,19,6,3,105,112,120,115,109,112,119,113,109,115,116,116,104,109,75,72,53,36,57,53,5,40,44,97,97,97,124,97,2,46,45,46,51,114,111,39,51,46,44,19,6,3,105,120,
113,109,116,121,109,112,115,121,104,109,75,72,38,51,36,36,47,97,97,97,97,97,124,97,2,46,45,46,51,114,111,39,51,46,44,19,6,3,105,112,115,113,109,115,116,116,109,112,119,113,104,109,75,72,51,36,37,97,97,97,
97,97,97,97,124,97,2,46,45,46,51,114,111,39,51,46,44,19,6,3,105,115,116,116,109,120,119,109,120,119,104,109,75,72,56,36,45,45,46,54,97,97,97,97,124,97,2,46,45,46,51,114,111,39,51,46,44,19,6,3,
105,115,116,116,109,115,112,113,109,119,113,104,109,75,60,75,75,45,46,34,32,45,97,39,45,32,38,50,97,97,97,97,97,124,97,58,60,75,45,46,34,32,45,97,50,32,55,36,8,53,36,44,50,97,124,97,58,60,75,75,
108,108,97,163,213,193,163,213,193,163,213,193,97,41,36,45,49,36,51,50,97,163,213,193,163,213,193,163,213,193,163,213,193,163,213,193,163,213,193,163,213,193,163,213,193,163,213,193,163,213,193,163,213,193,163,213,193,163,213,193,
163,213,193,163,213,193,163,213,193,163,213,193,163,213,193,163,213,193,163,213,193,163,213,193,163,213,193,163,213,193,163,213,193,163,213,193,163,213,193,163,213,193,163,213,193,163,213,193,163,213,193,163,213,193,163,213,193,163,213,193,
163,213,193,163,213,193,163,213,193,163,213,193,163,213,193,163,213,193,163,213,193,163,213,193,163,213,193,163,213,193,163,213,193,163,213,193,163,213,193,163,213,193,163,213,193,163,213,193,163,213,193,163,213,193,163,213,193,163,213,193,
163,213,193,163,213,193,163,213,193,163,213,193,163,213,193,163,213,193,163,213,193,163,213,193,163,213,193,163,213,193,163,213,193,163,213,193,75,75,45,46,34,32,45,97,39,52,47,34,53,40,46,47,97,47,36,54,8,47,50,53,
105,34,45,50,109,97,49,51,46,49,50,104,75,72,45,46,34,32,45,97,46,97,124,97,8,47,50,53,32,47,34,36,111,47,36,54,105,34,45,50,104,75,72,39,46,51,97,42,109,55,97,40,47,97,49,32,40,51,50,105,
49,51,46,49,50,104,97,37,46,97,46,26,42,28,97,124,97,55,97,36,47,37,75,72,51,36,53,52,51,47,97,46,75,36,47,37,75,45,46,34,32,45,97,39,52,47,34,53,40,46,47,97,34,46,51,47,36,51,105,51,
109,97,49,104,75,72,45,46,34,32,45,97,34,97,124,97,8,47,50,53,32,47,34,36,111,47,36,54,105,99,20,8,2,46,51,47,36,51,99,104,122,97,34,111,2,46,51,47,36,51,19,32,37,40,52,50,97,124,97,20,
5,40,44,111,47,36,54,105,113,109,51,104,122,97,34,111,17,32,51,36,47,53,97,124,97,49,75,36,47,37,75,45,46,34,32,45,97,39,52,47,34,53,40,46,47,97,50,53,51,46,42,36,105,34,46,45,109,97,53,41,
40,34,42,109,97,49,32,51,36,47,53,104,75,72,45,46,34,32,45,97,50,97,124,97,8,47,50,53,32,47,34,36,111,47,36,54,105,99,20,8,18,53,51,46,42,36,99,104,122,97,50,111,2,46,45,46,51,124,34,46,
45,122,97,50,111,21,41,40,34,42,47,36,50,50,124,53,41,40,34,42,122,97,50,111,17,32,51,36,47,53,124,49,32,51,36,47,53,122,97,51,36,53,52,51,47,97,50,75,36,47,37,75,45,46,34,32,45,97,39,52,
47,34,53,40,46,47,97,49,32,37,37,40,47,38,105,53,109,35,109,45,109,51,109,49,32,51,36,47,53,104,75,72,45,46,34,32,45,97,49,97,124,97,8,47,50,53,32,47,34,36,111,47,36,54,105,99,20,8,17,32,
37,37,40,47,38,99,104,75,72,49,111,17,32,37,37,40,47,38,21,46,49,124,20,5,40,44,111,47,36,54,105,113,109,53,104,122,97,49,111,17,32,37,37,40,47,38,3,46,53,53,46,44,124,20,5,40,44,111,47,36,
54,105,113,109,35,104,75,72,49,111,17,32,37,37,40,47,38,13,36,39,53,124,20,5,40,44,111,47,36,54,105,113,109,45,104,122,97,49,111,17,32,37,37,40,47,38,19,40,38,41,53,124,20,5,40,44,111,47,36,54,
105,113,109,51,104,75,72,49,111,17,32,51,36,47,53,97,124,97,49,32,51,36,47,53,75,36,47,37,75,45,46,34,32,45,97,39,52,47,34,53,40,46,47,97,45,40,50,53,13,32,56,46,52,53,105,49,32,51,36,47,
53,109,97,38,32,49,109,97,37,40,51,104,75,72,45,46,34,32,45,97,45,97,124,97,8,47,50,53,32,47,34,36,111,47,36,54,105,99,20,8,13,40,50,53,13,32,56,46,52,53,99,104,75,72,45,111,18,46,51,53,
14,51,37,36,51,124,4,47,52,44,111,18,46,51,53,14,51,37,36,51,111,13,32,56,46,52,53,14,51,37,36,51,75,72,45,111,17,32,37,37,40,47,38,124,20,5,40,44,111,47,36,54,105,113,109,38,32,49,97,46,
51,97,119,104,75,72,45,111,7,40,45,45,5,40,51,36,34,53,40,46,47,124,37,40,51,97,46,51,97,4,47,52,44,111,7,40,45,45,5,40,51,36,34,53,40,46,47,111,23,36,51,53,40,34,32,45,75,72,45,111,
17,32,51,36,47,53,124,49,32,51,36,47,53,122,97,51,36,53,52,51,47,97,45,75,36,47,37,75,75,108,108,97,163,213,193,163,213,193,163,213,193,97,34,46,47,39,40,38,97,50,32,55,36,97,110,97,45,46,32,37,
97,163,213,193,163,213,193,163,213,193,163,213,193,163,213,193,163,213,193,163,213,193,163,213,193,163,213,193,163,213,193,163,213,193,163,213,193,163,213,193,163,213,193,163,213,193,163,213,193,163,213,193,163,213,193,163,213,193,163,213,
193,163,213,193,163,213,193,163,213,193,163,213,193,163,213,193,163,213,193,163,213,193,163,213,193,163,213,193,163,213,193,163,213,193,163,213,193,163,213,193,163,213,193,163,213,193,163,213,193,163,213,193,163,213,193,163,213,193,163,213,
193,163,213,193,163,213,193,163,213,193,163,213,193,163,213,193,163,213,193,163,213,193,163,213,193,163,213,193,163,213,193,163,213,193,163,213,193,163,213,193,163,213,193,75,75,45,46,34,32,45,97,2,14,15,7,8,6,30,7,14,
13,5,4,19,97,124,97,99,15,32,51,52,20,8,30,2,46,47,39,40,38,50,99,75,45,46,34,32,45,97,2,14,15,7,8,6,30,7,8,13,4,97,97,97,124,97,2,14,15,7,8,6,30,7,14,13,5,4,19,111,
111,99,110,34,46,47,39,40,38,111,43,50,46,47,99,75,75,45,46,34,32,45,97,39,52,47,34,53,40,46,47,97,36,47,50,52,51,36,7,46,45,37,36,51,105,104,75,72,49,34,32,45,45,105,39,52,47,34,53,40,
46,47,105,104,75,72,72,40,39,97,47,46,53,97,40,50,39,46,45,37,36,51,105,2,14,15,7,8,6,30,7,14,13,5,4,19,104,97,53,41,36,47,97,44,32,42,36,39,46,45,37,36,51,105,2,14,15,7,8,6,
30,7,14,13,5,4,19,104,97,36,47,37,75,72,36,47,37,104,75,36,47,37,75,75,45,46,34,32,45,97,39,52,47,34,53,40,46,47,97,50,32,55,36,2,46,47,39,40,38,105,104,75,72,36,47,50,52,51,36,7,
46,45,37,36,51,105,104,75,72,45,46,34,32,45,97,37,32,53,32,97,124,97,58,60,75,72,39,46,51,97,39,45,32,38,109,97,55,32,45,97,40,47,97,49,32,40,51,50,105,39,45,32,38,50,104,97,37,46,75,72,
72,45,46,34,32,45,97,53,97,124,97,53,56,49,36,105,55,32,45,104,75,72,72,40,39,97,53,124,124,99,35,46,46,45,36,32,47,99,97,46,51,97,53,124,124,99,47,52,44,35,36,51,99,97,46,51,97,53,124,124,
99,50,53,51,40,47,38,99,97,53,41,36,47,75,72,72,72,37,32,53,32,26,39,45,32,38,28,97,124,97,55,32,45,75,72,72,36,45,50,36,40,39,97,53,124,124,99,53,32,35,45,36,99,97,53,41,36,47,75,72,
72,72,108,108,97,46,47,45,56,97,49,45,32,40,47,97,50,53,51,40,47,38,108,32,51,51,32,56,97,53,32,35,45,36,50,97,105,37,51,46,49,37,46,54,47,97,44,52,45,53,40,108,50,36,45,36,34,53,104,75,
72,72,72,45,46,34,32,45,97,50,32,39,36,97,124,97,53,51,52,36,75,72,72,72,39,46,51,97,30,109,55,97,40,47,97,40,49,32,40,51,50,105,55,32,45,104,97,37,46,75,72,72,72,72,40,39,97,53,56,49,
36,105,55,104,63,124,99,50,53,51,40,47,38,99,97,53,41,36,47,97,50,32,39,36,124,39,32,45,50,36,122,97,35,51,36,32,42,97,36,47,37,75,72,72,72,36,47,37,75,72,72,72,40,39,97,50,32,39,36,97,
53,41,36,47,97,37,32,53,32,26,39,45,32,38,28,124,55,32,45,97,36,47,37,75,72,72,36,47,37,75,72,36,47,37,75,72,45,46,34,32,45,97,46,42,109,97,36,51,51,97,124,97,49,34,32,45,45,105,39,52,
47,34,53,40,46,47,105,104,75,72,72,54,51,40,53,36,39,40,45,36,105,2,14,15,7,8,6,30,7,8,13,4,109,97,41,53,53,49,123,11,18,14,15,4,47,34,46,37,36,105,37,32,53,32,104,104,75,72,36,47,
37,104,75,72,40,39,97,47,46,53,97,46,42,97,53,41,36,47,97,54,32,51,47,105,99,26,15,32,51,52,20,8,28,97,18,32,55,36,97,39,32,40,45,36,37,123,99,109,97,36,51,51,104,97,36,47,37,75,72,51,
36,53,52,51,47,97,46,42,75,36,47,37,75,75,45,46,34,32,45,97,39,52,47,34,53,40,46,47,97,45,46,32,37,2,46,47,39,40,38,105,104,75,72,45,46,34,32,45,97,46,42,109,97,51,32,54,97,124,97,49,
34,32,45,45,105,39,52,47,34,53,40,46,47,105,104,97,51,36,53,52,51,47,97,51,36,32,37,39,40,45,36,105,2,14,15,7,8,6,30,7,8,13,4,104,97,36,47,37,104,75,72,40,39,97,47,46,53,97,46,42,
97,46,51,97,47,46,53,97,51,32,54,97,46,51,97,51,32,54,124,124,99,99,97,53,41,36,47,97,51,36,53,52,51,47,97,47,40,45,97,36,47,37,75,72,45,46,34,32,45,97,46,42,115,109,97,37,32,53,32,97,
124,97,49,34,32,45,45,105,39,52,47,34,53,40,46,47,105,104,97,51,36,53,52,51,47,97,41,53,53,49,123,11,18,14,15,5,36,34,46,37,36,105,51,32,54,104,97,36,47,37,104,75,72,40,39,97,47,46,53,97,
46,42,115,97,46,51,97,53,56,49,36,105,37,32,53,32,104,63,124,99,53,32,35,45,36,99,97,53,41,36,47,97,51,36,53,52,51,47,97,47,40,45,97,36,47,37,75,72,51,36,53,52,51,47,97,37,32,53,32,75,
36,47,37,75,75,108,108,97,163,213,193,163,213,193,163,213,193,97,47,46,53,40,39,40,34,32,53,40,46,47,97,50,56,50,53,36,44,97,163,213,193,163,213,193,163,213,193,163,213,193,163,213,193,163,213,193,163,213,193,163,
213,193,163,213,193,163,213,193,163,213,193,163,213,193,163,213,193,163,213,193,163,213,193,163,213,193,163,213,193,163,213,193,163,213,193,163,213,193,163,213,193,163,213,193,163,213,193,163,213,193,163,213,193,163,213,193,163,213,193,163,
213,193,163,213,193,163,213,193,163,213,193,163,213,193,163,213,193,163,213,193,163,213,193,163,213,193,163,213,193,163,213,193,163,213,193,163,213,193,163,213,193,163,213,193,163,213,193,163,213,193,163,213,193,163,213,193,163,213,193,163,
213,193,163,213,193,163,213,193,163,213,193,163,213,193,163,213,193,75,75,45,46,34,32,45,97,15,14,21,8,7,30,22,97,97,97,124,97,115,114,113,75,45,46,34,32,45,97,15,14,21,8,7,30,9,97,97,97,124,97,116,
117,75,45,46,34,32,45,97,15,14,21,8,7,30,6,0,17,97,124,97,121,75,45,46,34,32,45,97,15,14,21,8,7,30,5,20,19,97,124,97,114,111,115,75,45,46,34,32,45,97,12,0,25,30,15,14,21,8,7,18,
124,97,116,75,75,45,46,34,32,45,97,39,52,47,34,53,40,46,47,97,35,52,40,45,37,15,46,53,40,39,18,56,50,53,36,44,105,50,34,51,36,36,47,104,75,72,45,46,34,32,45,97,32,34,53,40,55,36,97,124,
97,58,60,75,75,72,45,46,34,32,45,97,39,52,47,34,53,40,46,47,97,51,36,39,45,46,54,105,104,75,72,72,39,46,51,97,40,109,36,47,53,51,56,97,40,47,97,40,49,32,40,51,50,105,32,34,53,40,55,36,
104,97,37,46,75,72,72,72,45,46,34,32,45,97,56,97,124,97,108,105,40,107,105,15,14,21,8,7,30,9,106,15,14,21,8,7,30,6,0,17,104,104,75,72,72,72,53,54,36,36,47,123,2,51,36,32,53,36,105,36,
47,53,51,56,111,39,51,32,44,36,109,97,21,54,36,36,47,8,47,39,46,111,47,36,54,105,113,111,115,109,4,47,52,44,111,4,32,50,40,47,38,18,53,56,45,36,111,16,52,32,37,109,4,47,52,44,111,4,32,50,
40,47,38,5,40,51,36,34,53,40,46,47,111,14,52,53,104,109,97,58,75,72,72,72,72,17,46,50,40,53,40,46,47,97,124,97,20,5,40,44,115,111,47,36,54,105,112,109,108,105,15,14,21,8,7,30,22,106,112,113,
104,109,112,109,56,104,75,72,72,72,60,104,123,17,45,32,56,105,104,75,72,72,36,47,37,75,72,36,47,37,75,75,72,45,46,34,32,45,97,39,52,47,34,53,40,46,47,97,51,36,44,46,55,36,4,47,53,51,56,105,
36,47,53,51,56,104,75,72,72,39,46,51,97,40,109,36,97,40,47,97,40,49,32,40,51,50,105,32,34,53,40,55,36,104,97,37,46,75,72,72,72,40,39,97,36,124,124,36,47,53,51,56,97,53,41,36,47,97,53,32,
35,45,36,111,51,36,44,46,55,36,105,32,34,53,40,55,36,109,40,104,122,97,35,51,36,32,42,97,36,47,37,75,72,72,36,47,37,75,72,72,51,36,39,45,46,54,105,104,75,72,36,47,37,75,75,72,51,36,53,52,
51,47,97,39,52,47,34,53,40,46,47,105,53,40,53,45,36,109,97,34,46,47,53,36,47,53,109,97,34,46,45,104,75,72,72,34,46,45,97,97,97,97,97,124,97,34,46,45,97,97,97,97,97,46,51,97,2,111,49,52,
51,49,45,36,75,72,72,53,40,53,45,36,97,97,97,124,97,53,40,53,45,36,97,97,97,46,51,97,99,15,46,53,40,39,40,34,32,53,40,46,47,99,75,72,72,34,46,47,53,36,47,53,97,124,97,34,46,47,53,36,
47,53,97,46,51,97,99,99,75,75,72,72,40,39,97,98,32,34,53,40,55,36,97,127,124,97,12,0,25,30,15,14,21,8,7,18,97,53,41,36,47,75,72,72,72,45,46,34,32,45,97,46,45,37,36,50,53,97,124,97,
32,34,53,40,55,36,26,112,28,75,72,72,72,53,54,36,36,47,123,2,51,36,32,53,36,105,46,45,37,36,50,53,111,39,51,32,44,36,109,97,21,54,36,36,47,8,47,39,46,111,47,36,54,105,113,111,115,109,4,47,
52,44,111,4,32,50,40,47,38,18,53,56,45,36,111,16,52,32,37,109,4,47,52,44,111,4,32,50,40,47,38,5,40,51,36,34,53,40,46,47,111,8,47,104,109,97,58,75,72,72,72,72,17,46,50,40,53,40,46,47,
97,124,97,20,5,40,44,115,111,47,36,54,105,112,109,115,113,109,112,109,46,45,37,36,50,53,111,39,51,32,44,36,111,17,46,50,40,53,40,46,47,111,24,111,14,39,39,50,36,53,104,75,72,72,72,60,104,123,17,45,
32,56,105,104,75,72,72,72,53,32,50,42,111,37,36,45,32,56,105,113,111,115,115,109,97,39,52,47,34,53,40,46,47,105,104,97,40,39,97,46,45,37,36,50,53,111,39,51,32,44,36,111,17,32,51,36,47,53,97,53,
41,36,47,97,46,45,37,36,50,53,111,39,51,32,44,36,123,5,36,50,53,51,46,56,105,104,97,36,47,37,97,36,47,37,104,75,72,72,72,51,36,44,46,55,36,4,47,53,51,56,105,46,45,37,36,50,53,104,75,72,
72,36,47,37,75,75,72,72,45,46,34,32,45,97,50,45,46,53,97,97,124,97,98,32,34,53,40,55,36,106,112,75,72,72,45,46,34,32,45,97,50,53,32,51,53,24,124,97,108,105,50,45,46,53,107,105,15,14,21,8,
7,30,9,106,15,14,21,8,7,30,6,0,17,104,104,75,75,72,72,45,46,34,32,45,97,47,46,53,40,39,97,124,97,47,36,54,8,47,50,53,105,99,7,51,32,44,36,99,109,97,58,75,72,72,72,18,40,59,36,124,
20,5,40,44,115,111,47,36,54,105,113,109,15,14,21,8,7,30,22,109,113,109,15,14,21,8,7,30,9,104,109,75,72,72,72,17,46,50,40,53,40,46,47,124,20,5,40,44,115,111,47,36,54,105,112,109,115,113,109,112,
109,50,53,32,51,53,24,104,109,75,72,72,72,3,32,34,42,38,51,46,52,47,37,2,46,45,46,51,114,124,2,46,45,46,51,114,111,39,51,46,44,19,6,3,105,112,113,109,121,109,115,115,104,109,75,72,72,72,3,46,
51,37,36,51,18,40,59,36,17,40,57,36,45,124,113,109,97,27,8,47,37,36,57,124,112,113,113,109,97,17,32,51,36,47,53,124,50,34,51,36,36,47,109,75,72,72,60,104,75,72,72,34,46,51,47,36,51,105,112,115,
109,47,46,53,40,39,104,122,97,50,53,51,46,42,36,105,34,46,45,109,112,111,115,109,47,46,53,40,39,104,75,75,72,72,45,46,34,32,45,97,40,34,46,47,3,46,57,124,47,36,54,8,47,50,53,105,99,7,51,32,
44,36,99,109,97,58,75,72,72,72,18,40,59,36,124,20,5,40,44,115,111,47,36,54,105,113,109,114,119,109,113,109,114,119,104,109,97,17,46,50,40,53,40,46,47,124,20,5,40,44,115,111,47,36,54,105,113,109,120,109,
113,111,116,109,108,112,121,104,109,75,72,72,72,3,32,34,42,38,51,46,52,47,37,2,46,45,46,51,114,124,2,46,45,46,51,114,111,39,51,46,44,19,6,3,105,115,113,109,112,117,109,114,121,104,109,75,72,72,72,3,
46,51,37,36,51,18,40,59,36,17,40,57,36,45,124,113,109,97,27,8,47,37,36,57,124,112,113,112,109,97,17,32,51,36,47,53,124,47,46,53,40,39,109,75,72,72,60,104,122,97,34,46,51,47,36,51,105,121,109,40,
34,46,47,3,46,57,104,122,97,50,53,51,46,42,36,105,34,46,45,109,112,109,40,34,46,47,3,46,57,104,75,75,72,72,45,46,34,32,45,97,40,34,124,47,36,54,8,47,50,53,105,99,7,51,32,44,36,99,109,97,
58,75,72,72,72,18,40,59,36,124,20,5,40,44,115,111,47,36,54,105,113,109,112,121,109,113,109,112,121,104,109,97,17,46,50,40,53,40,46,47,124,20,5,40,44,115,111,47,36,54,105,113,111,116,109,108,120,109,113,111,
116,109,108,120,104,109,75,72,72,72,3,32,34,42,38,51,46,52,47,37,2,46,45,46,51,114,124,34,46,45,109,97,3,46,51,37,36,51,18,40,59,36,17,40,57,36,45,124,113,109,97,27,8,47,37,36,57,124,112,113,
115,109,97,17,32,51,36,47,53,124,40,34,46,47,3,46,57,109,75,72,72,60,104,122,97,34,46,51,47,36,51,105,120,120,109,40,34,104,75,72,72,47,36,54,8,47,50,53,105,99,7,51,32,44,36,99,109,97,58,75,
72,72,72,18,40,59,36,124,20,5,40,44,115,111,47,36,54,105,113,109,121,109,113,109,121,104,109,97,17,46,50,40,53,40,46,47,124,20,5,40,44,115,111,47,36,54,105,113,111,116,109,108,117,109,113,111,116,109,108,117,
104,109,75,72,72,72,3,32,34,42,38,51,46,52,47,37,2,46,45,46,51,114,124,2,46,45,46,51,114,111,39,51,46,44,19,6,3,105,112,113,109,121,109,115,115,104,109,97,3,46,51,37,36,51,18,40,59,36,17,40,
57,36,45,124,113,109,75,72,72,72,27,8,47,37,36,57,124,112,113,114,109,97,17,32,51,36,47,53,124,40,34,109,75,72,72,60,104,75,75,72,72,47,36,54,8,47,50,53,105,99,21,36,57,53,13,32,35,36,45,99,
109,97,58,75,72,72,72,18,40,59,36,124,20,5,40,44,115,111,47,36,54,105,112,109,108,116,121,109,113,109,115,113,104,109,97,17,46,50,40,53,40,46,47,124,20,5,40,44,115,111,47,36,54,105,113,109,116,115,109,113,
109,121,104,109,75,72,72,72,3,32,34,42,38,51,46,52,47,37,21,51,32,47,50,49,32,51,36,47,34,56,124,112,109,97,21,36,57,53,124,53,46,50,53,51,40,47,38,105,53,40,53,45,36,104,109,97,21,36,57,53,
2,46,45,46,51,114,124,34,46,45,109,75,72,72,72,21,36,57,53,25,0,45,40,38,47,44,36,47,53,124,4,47,52,44,111,21,36,57,53,25,0,45,40,38,47,44,36,47,53,111,13,36,39,53,109,97,7,46,47,53,
124,4,47,52,44,111,7,46,47,53,111,6,46,53,41,32,44,3,46,45,37,109,75,72,72,72,21,36,57,53,18,40,59,36,124,112,114,109,97,27,8,47,37,36,57,124,112,113,112,109,97,17,32,51,36,47,53,124,47,46,
53,40,39,109,75,72,72,60,104,75,72,72,47,36,54,8,47,50,53,105,99,21,36,57,53,13,32,35,36,45,99,109,97,58,75,72,72,72,18,40,59,36,124,20,5,40,44,115,111,47,36,54,105,112,109,108,116,121,109,113,
109,112,119,104,109,97,17,46,50,40,53,40,46,47,124,20,5,40,44,115,111,47,36,54,105,113,109,116,115,109,113,109,115,121,104,109,75,72,72,72,3,32,34,42,38,51,46,52,47,37,21,51,32,47,50,49,32,51,36,47,
34,56,124,112,109,97,21,36,57,53,124,53,46,50,53,51,40,47,38,105,34,46,47,53,36,47,53,104,109,75,72,72,72,21,36,57,53,2,46,45,46,51,114,124,2,46,45,46,51,114,111,39,51,46,44,19,6,3,105,112,
114,113,109,112,112,113,109,112,118,113,104,109,75,72,72,72,21,36,57,53,25,0,45,40,38,47,44,36,47,53,124,4,47,52,44,111,21,36,57,53,25,0,45,40,38,47,44,36,47,53,111,13,36,39,53,109,97,7,46,47,
53,124,4,47,52,44,111,7,46,47,53,111,6,46,53,41,32,44,109,75,72,72,72,21,36,57,53,18,40,59,36,124,112,112,109,97,27,8,47,37,36,57,124,112,113,112,109,97,17,32,51,36,47,53,124,47,46,53,40,39,
109,75,72,72,60,104,75,75,72,72,45,46,34,32,45,97,36,47,53,51,56,124,58,39,51,32,44,36,124,47,46,53,40,39,60,75,72,72,53,32,35,45,36,111,40,47,50,36,51,53,105,32,34,53,40,55,36,109,36,47,
53,51,56,104,75,75,72,72,53,54,36,36,47,123,2,51,36,32,53,36,105,47,46,53,40,39,109,97,21,54,36,36,47,8,47,39,46,111,47,36,54,105,113,111,114,115,109,4,47,52,44,111,4,32,50,40,47,38,18,53,
56,45,36,111,3,32,34,42,109,4,47,52,44,111,4,32,50,40,47,38,5,40,51,36,34,53,40,46,47,111,14,52,53,104,109,97,58,75,72,72,72,17,46,50,40,53,40,46,47,124,20,5,40,44,115,111,47,36,54,105,
112,109,108,105,15,14,21,8,7,30,22,106,112,113,104,109,112,109,50,53,32,51,53,24,104,75,72,72,60,104,123,17,45,32,56,105,104,75,75,72,72,53,32,50,42,111,37,36,45,32,56,105,15,14,21,8,7,30,5,20,
19,109,97,39,52,47,34,53,40,46,47,105,104,75,72,72,72,40,39,97,47,46,53,97,47,46,53,40,39,111,17,32,51,36,47,53,97,53,41,36,47,97,51,36,53,52,51,47,97,36,47,37,75,72,72,72,53,54,36,36,
47,123,2,51,36,32,53,36,105,47,46,53,40,39,109,97,21,54,36,36,47,8,47,39,46,111,47,36,54,105,113,111,115,116,109,4,47,52,44,111,4,32,50,40,47,38,18,53,56,45,36,111,16,52,32,37,109,4,47,52,
44,111,4,32,50,40,47,38,5,40,51,36,34,53,40,46,47,111,8,47,104,109,97,58,75,72,72,72,72,17,46,50,40,53,40,46,47,124,20,5,40,44,115,111,47,36,54,105,112,109,115,113,109,112,109,47,46,53,40,39,
111,17,46,50,40,53,40,46,47,111,24,111,14,39,39,50,36,53,104,75,72,72,72,60,104,123,17,45,32,56,105,104,75,72,72,72,53,32,50,42,111,37,36,45,32,56,105,113,111,115,121,109,97,39,52,47,34,53,40,46,
47,105,104,75,72,72,72,72,40,39,97,47,46,53,40,39,111,17,32,51,36,47,53,97,53,41,36,47,97,47,46,53,40,39,123,5,36,50,53,51,46,56,105,104,97,36,47,37,75,72,72,72,72,51,36,44,46,55,36,4,
47,53,51,56,105,36,47,53,51,56,104,75,72,72,72,36,47,37,104,75,72,72,36,47,37,104,75,72,36,47,37,75,36,47,37,75,75,108,108,97,163,213,193,163,213,193,163,213,193,97,34,46,47,39,40,51,44,97,37,40,
32,45,46,38,97,163,213,193,163,213,193,163,213,193,163,213,193,163,213,193,163,213,193,163,213,193,163,213,193,163,213,193,163,213,193,163,213,193,163,213,193,163,213,193,163,213,193,163,213,193,163,213,193,163,213,193,163,213,193,163,
213,193,163,213,193,163,213,193,163,213,193,163,213,193,163,213,193,163,213,193,163,213,193,163,213,193,163,213,193,163,213,193,163,213,193,163,213,193,163,213,193,163,213,193,163,213,193,163,213,193,163,213,193,163,213,193,163,213,193,163,
213,193,163,213,193,163,213,193,163,213,193,163,213,193,163,213,193,163,213,193,163,213,193,163,213,193,163,213,193,163,213,193,163,213,193,163,213,193,163,213,193,163,213,193,163,213,193,163,213,193,163,213,193,163,213,193,163,213,193,75,
75,45,46,34,32,45,97,39,52,47,34,53,40,46,47,97,35,52,40,45,37,2,46,47,39,40,51,44,5,40,32,45,46,38,105,50,34,51,36,36,47,109,97,46,47,24,36,50,109,97,46,47,15,46,104,75,72,108,108,97,
5,40,44,97,46,55,36,51,45,32,56,75,72,45,46,34,32,45,97,46,55,36,51,45,32,56,97,124,97,47,36,54,8,47,50,53,105,99,7,51,32,44,36,99,109,97,58,75,72,72,18,40,59,36,124,20,5,40,44,115,
111,47,36,54,105,112,109,113,109,112,109,113,104,109,75,72,72,3,32,34,42,38,51,46,52,47,37,2,46,45,46,51,114,124,2,46,45,46,51,114,111,39,51,46,44,19,6,3,105,113,109,113,109,113,104,109,75,72,72,3,
32,34,42,38,51,46,52,47,37,21,51,32,47,50,49,32,51,36,47,34,56,124,113,111,116,109,75,72,72,3,46,51,37,36,51,18,40,59,36,17,40,57,36,45,124,113,109,97,27,8,47,37,36,57,124,114,113,113,109,97,
17,32,51,36,47,53,124,50,34,51,36,36,47,109,75,72,60,104,75,75,72,45,46,34,32,45,97,35,46,57,97,124,97,47,36,54,8,47,50,53,105,99,7,51,32,44,36,99,109,97,58,75,72,72,18,40,59,36,124,20,
5,40,44,115,111,47,36,54,105,113,109,115,121,113,109,113,109,112,114,113,104,109,75,72,72,17,46,50,40,53,40,46,47,124,20,5,40,44,115,111,47,36,54,105,113,111,116,109,108,112,117,113,109,113,111,116,109,108,119,116,
104,109,75,72,72,3,32,34,42,38,51,46,52,47,37,2,46,45,46,51,114,124,2,46,45,46,51,114,111,39,51,46,44,19,6,3,105,112,115,109,112,113,109,115,117,104,109,75,72,72,3,32,34,42,38,51,46,52,47,37,
21,51,32,47,50,49,32,51,36,47,34,56,124,112,109,75,72,72,3,46,51,37,36,51,18,40,59,36,17,40,57,36,45,124,113,109,97,27,8,47,37,36,57,124,114,113,112,109,97,17,32,51,36,47,53,124,46,55,36,51,
45,32,56,109,75,72,60,104,122,97,34,46,51,47,36,51,105,112,117,109,35,46,57,104,122,97,50,53,51,46,42,36,105,2,111,35,46,51,37,36,51,109,112,111,116,109,35,46,57,104,75,75,72,47,36,54,8,47,50,53,
105,99,21,36,57,53,13,32,35,36,45,99,109,97,58,75,72,72,18,40,59,36,124,20,5,40,44,115,111,47,36,54,105,112,109,113,109,113,109,117,113,104,109,75,72,72,17,46,50,40,53,40,46,47,124,20,5,40,44,115,
111,47,36,54,105,113,109,113,109,113,109,112,119,104,109,75,72,72,3,32,34,42,38,51,46,52,47,37,21,51,32,47,50,49,32,51,36,47,34,56,124,112,109,75,72,72,21,36,57,53,124,99,0,51,36,97,56,46,52,97,
50,52,51,36,97,56,46,52,97,54,32,47,53,97,53,46,97,34,45,46,50,36,97,53,41,36,97,20,8,126,99,109,75,72,72,21,36,57,53,2,46,45,46,51,114,124,2,111,53,36,57,53,12,32,40,47,109,97,7,46,
47,53,124,4,47,52,44,111,7,46,47,53,111,6,46,53,41,32,44,3,46,45,37,109,75,72,72,21,36,57,53,18,40,59,36,124,112,114,109,97,21,36,57,53,22,51,32,49,49,36,37,124,53,51,52,36,109,75,72,72,
21,36,57,53,25,0,45,40,38,47,44,36,47,53,124,4,47,52,44,111,21,36,57,53,25,0,45,40,38,47,44,36,47,53,111,2,36,47,53,36,51,109,75,72,72,27,8,47,37,36,57,124,114,113,115,109,97,17,32,51,
36,47,53,124,35,46,57,109,75,72,60,104,75,75,72,108,108,97,24,4,18,97,35,52,53,53,46,47,75,72,45,46,34,32,45,97,56,36,50,3,53,47,97,124,97,47,36,54,8,47,50,53,105,99,21,36,57,53,3,52,
53,53,46,47,99,109,97,58,75,72,72,18,40,59,36,124,20,5,40,44,115,111,47,36,54,105,113,109,112,112,113,109,113,109,114,117,104,109,75,72,72,17,46,50,40,53,40,46,47,124,20,5,40,44,115,111,47,36,54,105,
113,109,112,121,109,113,109,118,119,104,109,75,72,72,3,32,34,42,38,51,46,52,47,37,2,46,45,46,51,114,124,2,46,45,46,51,114,111,39,51,46,44,19,6,3,105,115,119,109,116,113,109,115,119,104,109,75,72,72,3,
46,51,37,36,51,18,40,59,36,17,40,57,36,45,124,113,109,97,21,36,57,53,124,99,24,36,50,99,109,97,21,36,57,53,2,46,45,46,51,114,124,2,111,38,51,36,36,47,109,75,72,72,7,46,47,53,124,4,47,52,
44,111,7,46,47,53,111,6,46,53,41,32,44,3,46,45,37,109,97,21,36,57,53,18,40,59,36,124,112,114,109,97,27,8,47,37,36,57,124,114,113,115,109,97,17,32,51,36,47,53,124,35,46,57,109,75,72,60,104,122,
97,34,46,51,47,36,51,105,121,109,56,36,50,3,53,47,104,122,97,50,53,51,46,42,36,105,2,111,38,51,36,36,47,109,112,109,56,36,50,3,53,47,104,75,75,72,108,108,97,15,14,97,35,52,53,53,46,47,75,72,
45,46,34,32,45,97,47,46,3,53,47,97,124,97,47,36,54,8,47,50,53,105,99,21,36,57,53,3,52,53,53,46,47,99,109,97,58,75,72,72,18,40,59,36,124,20,5,40,44,115,111,47,36,54,105,113,109,112,112,113,
109,113,109,114,117,104,109,75,72,72,17,46,50,40,53,40,46,47,124,20,5,40,44,115,111,47,36,54,105,112,109,108,112,115,121,109,113,109,118,119,104,109,75,72,72,3,32,34,42,38,51,46,52,47,37,2,46,45,46,51,
114,124,2,46,45,46,51,114,111,39,51,46,44,19,6,3,105,117,119,109,112,117,109,112,117,104,109,75,72,72,3,46,51,37,36,51,18,40,59,36,17,40,57,36,45,124,113,109,97,21,36,57,53,124,99,15,46,99,109,97,
21,36,57,53,2,46,45,46,51,114,124,2,111,51,36,37,109,75,72,72,7,46,47,53,124,4,47,52,44,111,7,46,47,53,111,6,46,53,41,32,44,3,46,45,37,109,97,21,36,57,53,18,40,59,36,124,112,114,109,97,
27,8,47,37,36,57,124,114,113,115,109,97,17,32,51,36,47,53,124,35,46,57,109,75,72,60,104,122,97,34,46,51,47,36,51,105,121,109,47,46,3,53,47,104,122,97,50,53,51,46,42,36,105,2,111,51,36,37,109,112,
109,47,46,3,53,47,104,75,75,72,108,108,97,36,47,53,51,32,47,34,36,97,32,47,40,44,75,72,53,54,36,36,47,123,2,51,36,32,53,36,105,35,46,57,109,97,21,54,36,36,47,8,47,39,46,111,47,36,54,105,
113,111,114,109,4,47,52,44,111,4,32,50,40,47,38,18,53,56,45,36,111,3,32,34,42,109,4,47,52,44,111,4,32,50,40,47,38,5,40,51,36,34,53,40,46,47,111,14,52,53,104,109,97,58,75,72,72,3,32,34,
42,38,51,46,52,47,37,21,51,32,47,50,49,32,51,36,47,34,56,124,113,109,75,72,72,17,46,50,40,53,40,46,47,124,20,5,40,44,115,111,47,36,54,105,113,111,116,109,108,112,117,113,109,113,111,116,109,108,119,116,
104,109,75,72,60,104,123,17,45,32,56,105,104,75,75,72,45,46,34,32,45,97,39,52,47,34,53,40,46,47,97,37,40,50,44,40,50,50,105,34,35,104,75,72,72,53,54,36,36,47,123,2,51,36,32,53,36,105,35,46,
57,109,97,21,54,36,36,47,8,47,39,46,111,47,36,54,105,113,111,115,109,4,47,52,44,111,4,32,50,40,47,38,18,53,56,45,36,111,16,52,32,37,109,4,47,52,44,111,4,32,50,40,47,38,5,40,51,36,34,53,
40,46,47,111,8,47,104,109,97,58,75,72,72,72,3,32,34,42,38,51,46,52,47,37,21,51,32,47,50,49,32,51,36,47,34,56,124,112,109,75,72,72,72,17,46,50,40,53,40,46,47,124,20,5,40,44,115,111,47,36,
54,105,113,111,116,109,108,112,117,113,109,113,111,116,116,109,108,119,116,104,109,75,72,72,60,104,123,17,45,32,56,105,104,75,72,72,53,54,36,36,47,123,2,51,36,32,53,36,105,46,55,36,51,45,32,56,109,97,21,54,
36,36,47,8,47,39,46,111,47,36,54,105,113,111,115,104,109,97,58,3,32,34,42,38,51,46,52,47,37,21,51,32,47,50,49,32,51,36,47,34,56,124,112,60,104,123,17,45,32,56,105,104,75,72,72,53,32,50,42,111,
37,36,45,32,56,105,113,111,115,115,109,97,39,52,47,34,53,40,46,47,105,104,75,72,72,72,46,55,36,51,45,32,56,123,5,36,50,53,51,46,56,105,104,75,72,72,72,40,39,97,34,35,97,53,41,36,47,97,34,35,
105,104,97,36,47,37,75,72,72,36,47,37,104,75,72,36,47,37,75,75,72,56,36,50,3,53,47,111,12,46,52,50,36,3,52,53,53,46,47,112,2,45,40,34,42,123,2,46,47,47,36,34,53,105,39,52,47,34,53,40,
46,47,105,104,97,37,40,50,44,40,50,50,105,46,47,24,36,50,104,97,36,47,37,104,75,72,47,46,3,53,47,111,12,46,52,50,36,3,52,53,53,46,47,112,2,45,40,34,42,123,2,46,47,47,36,34,53,105,39,52,
47,34,53,40,46,47,105,104,97,37,40,50,44,40,50,50,105,46,47,15,46,104,97,36,47,37,104,75,36,47,37,75,75,108,108,97,163,213,193,163,213,193,163,213,193,97,45,46,32,37,40,47,38,97,50,34,51,36,36,47,
97,163,213,193,163,213,193,163,213,193,163,213,193,163,213,193,163,213,193,163,213,193,163,213,193,163,213,193,163,213,193,163,213,193,163,213,193,163,213,193,163,213,193,163,213,193,163,213,193,163,213,193,163,213,193,163,213,193,163,213,
193,163,213,193,163,213,193,163,213,193,163,213,193,163,213,193,163,213,193,163,213,193,163,213,193,163,213,193,163,213,193,163,213,193,163,213,193,163,213,193,163,213,193,163,213,193,163,213,193,163,213,193,163,213,193,163,213,193,163,213,
193,163,213,193,163,213,193,163,213,193,163,213,193,163,213,193,163,213,193,163,213,193,163,213,193,163,213,193,163,213,193,163,213,193,163,213,193,163,213,193,163,213,193,163,213,193,163,213,193,163,213,193,163,213,193,75,108,108,97,34,
39,38,111,13,46,32,37,40,47,38,21,40,53,45,36,97,97,97,97,163,193,213,97,35,40,38,97,53,40,53,45,36,97,53,36,57,53,97,97,105,37,36,39,32,52,45,53,123,97,34,39,38,111,15,32,44,36,97,46,51,
97,99,15,32,51,52,97,9,52,35,99,104,75,108,108,97,34,39,38,111,13,46,32,37,40,47,38,18,52,35,53,40,53,45,36,97,163,193,213,97,50,44,32,45,45,97,50,52,35,97,53,36,57,53,97,97,105,37,36,39,
32,52,45,53,123,97,99,35,56,97,15,32,51,52,99,104,75,75,45,46,34,32,45,97,39,52,47,34,53,40,46,47,97,50,41,46,54,13,46,32,37,40,47,38,18,34,51,36,36,47,105,50,34,51,36,36,47,109,97,34,
39,38,104,75,72,45,46,34,32,45,97,45,46,32,37,21,40,53,45,36,97,97,97,97,124,97,34,39,38,111,13,46,32,37,40,47,38,21,40,53,45,36,97,97,97,97,46,51,97,34,39,38,111,15,32,44,36,97,46,51,
97,99,15,32,51,52,97,9,52,35,99,75,72,45,46,34,32,45,97,45,46,32,37,18,52,35,53,40,53,45,36,97,124,97,34,39,38,111,13,46,32,37,40,47,38,18,52,35,53,40,53,45,36,97,46,51,97,99,35,56,
97,15,32,51,52,99,75,72,45,46,34,32,45,97,45,46,38,46,8,37,97,97,97,97,97,97,97,124,97,99,51,35,57,32,50,50,36,53,40,37,123,110,110,99,111,111,105,53,46,50,53,51,40,47,38,105,34,39,38,111,
13,46,38,46,97,46,51,97,99,120,113,115,121,121,120,121,119,113,113,121,118,121,117,99,104,104,75,75,72,45,46,34,32,45,97,46,55,36,51,45,32,56,97,124,97,47,36,54,8,47,50,53,105,99,7,51,32,44,36,99,
109,97,58,75,72,72,18,40,59,36,124,20,5,40,44,115,111,47,36,54,105,112,109,113,109,112,109,113,104,109,97,3,32,34,42,38,51,46,52,47,37,2,46,45,46,51,114,124,2,46,45,46,51,114,111,39,51,46,44,19,
6,3,105,119,109,119,109,112,117,104,109,75,72,72,3,46,51,37,36,51,18,40,59,36,17,40,57,36,45,124,113,109,97,27,8,47,37,36,57,124,115,113,113,109,97,17,32,51,36,47,53,124,50,34,51,36,36,47,109,75,
72,60,104,75,75,72,45,46,34,32,45,97,40,47,47,36,51,97,124,97,47,36,54,8,47,50,53,105,99,7,51,32,44,36,99,109,97,58,75,72,72,18,40,59,36,124,20,5,40,44,115,111,47,36,54,105,113,109,114,115,
113,109,113,109,112,119,113,104,109,75,72,72,17,46,50,40,53,40,46,47,124,20,5,40,44,115,111,47,36,54,105,113,111,116,109,108,112,119,113,109,113,111,119,109,108,121,113,104,109,75,72,72,3,32,34,42,38,51,46,52,
47,37,2,46,45,46,51,114,124,2,46,45,46,51,114,111,39,51,46,44,19,6,3,105,112,115,109,112,113,109,115,117,104,109,75,72,72,3,32,34,42,38,51,46,52,47,37,21,51,32,47,50,49,32,51,36,47,34,56,124,
112,109,75,72,72,3,46,51,37,36,51,18,40,59,36,17,40,57,36,45,124,113,109,97,27,8,47,37,36,57,124,115,113,112,109,97,17,32,51,36,47,53,124,46,55,36,51,45,32,56,109,75,72,60,104,122,97,34,46,51,
47,36,51,105,112,121,109,40,47,47,36,51,104,122,97,50,53,51,46,42,36,105,2,111,35,46,51,37,36,51,109,112,111,115,109,40,47,47,36,51,104,75,75,72,45,46,34,32,45,97,45,46,38,46,7,51,32,44,36,97,
124,97,47,36,54,8,47,50,53,105,99,7,51,32,44,36,99,109,97,58,75,72,72,18,40,59,36,124,20,5,40,44,115,111,47,36,54,105,113,109,119,117,109,113,109,119,117,104,109,97,17,46,50,40,53,40,46,47,124,20,
5,40,44,115,111,47,36,54,105,113,109,115,121,109,113,111,116,109,108,114,115,104,109,75,72,72,3,32,34,42,38,51,46,52,47,37,2,46,45,46,51,114,124,2,46,45,46,51,114,111,39,51,46,44,19,6,3,105,115,113,
109,112,117,109,114,121,104,109,75,72,72,3,46,51,37,36,51,18,40,59,36,17,40,57,36,45,124,113,109,97,27,8,47,37,36,57,124,115,113,115,109,97,17,32,51,36,47,53,124,40,47,47,36,51,109,75,72,60,104,122,
97,34,46,51,47,36,51,105,112,117,109,45,46,38,46,7,51,32,44,36,104,122,97,50,53,51,46,42,36,105,2,111,35,46,51,37,36,51,109,112,109,45,46,38,46,7,51,32,44,36,104,75,75,72,47,36,54,8,47,50,
53,105,99,8,44,32,38,36,13,32,35,36,45,99,109,97,58,75,72,72,18,40,59,36,124,20,5,40,44,115,111,47,36,54,105,113,109,117,121,109,113,109,117,121,104,109,97,17,46,50,40,53,40,46,47,124,20,5,40,44,
115,111,47,36,54,105,113,111,116,109,108,115,117,109,113,111,116,109,108,115,117,104,109,75,72,72,3,32,34,42,38,51,46,52,47,37,21,51,32,47,50,49,32,51,36,47,34,56,124,112,109,97,8,44,32,38,36,124,45,46,
38,46,8,37,109,75,72,72,27,8,47,37,36,57,124,115,113,114,109,97,17,32,51,36,47,53,124,45,46,38,46,7,51,32,44,36,109,75,72,60,104,75,75,72,45,46,34,32,45,97,53,57,97,124,97,112,113,121,75,72,
47,36,54,8,47,50,53,105,99,21,36,57,53,13,32,35,36,45,99,109,97,58,75,72,72,18,40,59,36,124,20,5,40,44,115,111,47,36,54,105,112,109,108,105,53,57,106,112,121,104,109,113,109,115,121,104,109,97,17,46,
50,40,53,40,46,47,124,20,5,40,44,115,111,47,36,54,105,113,109,53,57,109,113,109,114,115,104,109,75,72,72,3,32,34,42,38,51,46,52,47,37,21,51,32,47,50,49,32,51,36,47,34,56,124,112,109,97,21,36,57,
53,124,45,46,32,37,21,40,53,45,36,109,75,72,72,21,36,57,53,2,46,45,46,51,114,124,2,111,49,52,51,49,45,36,109,97,7,46,47,53,124,4,47,52,44,111,7,46,47,53,111,6,46,53,41,32,44,3,46,45,
37,109,75,72,72,21,36,57,53,18,40,59,36,124,115,113,109,97,21,36,57,53,25,0,45,40,38,47,44,36,47,53,124,4,47,52,44,111,21,36,57,53,25,0,45,40,38,47,44,36,47,53,111,13,36,39,53,109,75,72,
72,27,8,47,37,36,57,124,115,113,115,109,97,17,32,51,36,47,53,124,40,47,47,36,51,109,75,72,60,104,75,72,47,36,54,8,47,50,53,105,99,21,36,57,53,13,32,35,36,45,99,109,97,58,75,72,72,18,40,59,
36,124,20,5,40,44,115,111,47,36,54,105,112,109,108,105,53,57,106,112,121,104,109,113,109,112,121,104,109,97,17,46,50,40,53,40,46,47,124,20,5,40,44,115,111,47,36,54,105,113,109,53,57,109,113,109,119,115,104,109,
75,72,72,3,32,34,42,38,51,46,52,47,37,21,51,32,47,50,49,32,51,36,47,34,56,124,112,109,97,21,36,57,53,124,45,46,32,37,18,52,35,53,40,53,45,36,109,75,72,72,21,36,57,53,2,46,45,46,51,114,
124,2,111,53,36,57,53,5,40,44,109,97,7,46,47,53,124,4,47,52,44,111,7,46,47,53,111,6,46,53,41,32,44,109,75,72,72,21,36,57,53,18,40,59,36,124,112,115,109,97,21,36,57,53,25,0,45,40,38,47,
44,36,47,53,124,4,47,52,44,111,21,36,57,53,25,0,45,40,38,47,44,36,47,53,111,13,36,39,53,109,75,72,72,27,8,47,37,36,57,124,115,113,115,109,97,17,32,51,36,47,53,124,40,47,47,36,51,109,75,72,
60,104,75,75,72,45,46,34,32,45,97,35,32,51,21,51,32,34,42,97,124,97,47,36,54,8,47,50,53,105,99,7,51,32,44,36,99,109,97,58,75,72,72,18,40,59,36,124,20,5,40,44,115,111,47,36,54,105,112,109,
108,116,119,109,113,109,117,104,109,97,17,46,50,40,53,40,46,47,124,20,5,40,44,115,111,47,36,54,105,113,109,115,121,109,112,109,108,115,117,104,109,75,72,72,3,32,34,42,38,51,46,52,47,37,2,46,45,46,51,114,
124,2,46,45,46,51,114,111,39,51,46,44,19,6,3,105,115,119,109,115,113,109,117,119,104,109,75,72,72,3,46,51,37,36,51,18,40,59,36,17,40,57,36,45,124,113,109,97,27,8,47,37,36,57,124,115,113,115,109,97,
17,32,51,36,47,53,124,40,47,47,36,51,109,75,72,60,104,122,97,34,46,51,47,36,51,105,120,120,109,35,32,51,21,51,32,34,42,104,75,75,72,45,46,34,32,45,97,35,32,51,7,40,45,45,97,124,97,47,36,54,
8,47,50,53,105,99,7,51,32,44,36,99,109,97,58,75,72,72,18,40,59,36,124,20,5,40,44,115,111,47,36,54,105,113,109,113,109,112,109,113,104,109,97,3,32,34,42,38,51,46,52,47,37,2,46,45,46,51,114,124,
2,111,49,52,51,49,45,36,109,75,72,72,3,46,51,37,36,51,18,40,59,36,17,40,57,36,45,124,113,109,97,27,8,47,37,36,57,124,115,113,114,109,97,17,32,51,36,47,53,124,35,32,51,21,51,32,34,42,109,75,
72,60,104,122,97,34,46,51,47,36,51,105,120,120,109,35,32,51,7,40,45,45,104,75,75,72,45,46,34,32,45,97,45,46,32,37,13,35,45,97,124,97,47,36,54,8,47,50,53,105,99,21,36,57,53,13,32,35,36,45,
99,109,97,58,75,72,72,18,40,59,36,124,20,5,40,44,115,111,47,36,54,105,112,109,108,116,119,109,113,109,112,117,104,109,97,17,46,50,40,53,40,46,47,124,20,5,40,44,115,111,47,36,54,105,113,109,115,121,109,112,
109,108,117,117,104,109,75,72,72,3,32,34,42,38,51,46,52,47,37,21,51,32,47,50,49,32,51,36,47,34,56,124,112,109,97,21,36,57,53,124,99,13,46,32,37,40,47,38,111,111,111,99,109,75,72,72,21,36,57,53,
2,46,45,46,51,114,124,2,111,53,36,57,53,5,40,44,109,97,7,46,47,53,124,4,47,52,44,111,7,46,47,53,111,6,46,53,41,32,44,109,75,72,72,21,36,57,53,18,40,59,36,124,112,113,109,97,21,36,57,53,
25,0,45,40,38,47,44,36,47,53,124,4,47,52,44,111,21,36,57,53,25,0,45,40,38,47,44,36,47,53,111,13,36,39,53,109,75,72,72,27,8,47,37,36,57,124,115,113,115,109,97,17,32,51,36,47,53,124,40,47,
47,36,51,109,75,72,60,104,75,75,72,53,54,36,36,47,123,2,51,36,32,53,36,105,40,47,47,36,51,109,97,21,54,36,36,47,8,47,39,46,111,47,36,54,105,113,111,116,109,4,47,52,44,111,4,32,50,40,47,38,
18,53,56,45,36,111,3,32,34,42,109,4,47,52,44,111,4,32,50,40,47,38,5,40,51,36,34,53,40,46,47,111,14,52,53,104,109,97,58,75,72,72,3,32,34,42,38,51,46,52,47,37,21,51,32,47,50,49,32,51,
36,47,34,56,124,113,109,75,72,72,17,46,50,40,53,40,46,47,124,20,5,40,44,115,111,47,36,54,105,113,111,116,109,108,112,119,113,109,113,111,116,109,108,121,113,104,109,75,72,60,104,123,17,45,32,56,105,104,75,75,
72,53,32,50,42,111,50,49,32,54,47,105,39,52,47,34,53,40,46,47,105,104,75,72,72,45,46,34,32,45,97,50,53,36,49,50,97,124,97,58,99,8,47,40,53,40,32,45,40,59,40,47,38,111,111,111,99,109,99,13,
46,32,37,40,47,38,97,20,8,111,111,111,99,109,99,0,49,49,45,56,40,47,38,97,53,41,36,44,36,111,111,111,99,109,99,19,36,32,37,56,96,99,60,75,72,72,39,46,51,97,40,109,44,50,38,97,40,47,97,40,
49,32,40,51,50,105,50,53,36,49,50,104,97,37,46,75,72,72,72,45,46,32,37,13,35,45,111,21,36,57,53,124,44,50,38,75,72,72,72,53,54,36,36,47,123,2,51,36,32,53,36,105,35,32,51,7,40,45,45,109,
97,21,54,36,36,47,8,47,39,46,111,47,36,54,105,113,111,117,109,4,47,52,44,111,4,32,50,40,47,38,18,53,56,45,36,111,16,52,32,37,109,4,47,52,44,111,4,32,50,40,47,38,5,40,51,36,34,53,40,46,
47,111,14,52,53,104,109,97,58,75,72,72,72,72,18,40,59,36,124,20,5,40,44,115,111,47,36,54,105,40,110,98,50,53,36,49,50,109,113,109,112,109,113,104,75,72,72,72,60,104,123,17,45,32,56,105,104,75,72,72,
72,53,32,50,42,111,54,32,40,53,105,113,111,114,121,104,75,72,72,36,47,37,75,72,36,47,37,104,75,75,72,53,32,50,42,111,37,36,45,32,56,105,112,111,121,116,109,97,39,52,47,34,53,40,46,47,105,104,75,72,
72,53,54,36,36,47,123,2,51,36,32,53,36,105,46,55,36,51,45,32,56,109,97,21,54,36,36,47,8,47,39,46,111,47,36,54,105,113,111,116,109,4,47,52,44,111,4,32,50,40,47,38,18,53,56,45,36,111,16,52,
32,37,109,4,47,52,44,111,4,32,50,40,47,38,5,40,51,36,34,53,40,46,47,111,8,47,104,109,97,58,75,72,72,72,3,32,34,42,38,51,46,52,47,37,21,51,32,47,50,49,32,51,36,47,34,56,124,112,75,72,
72,60,104,123,17,45,32,56,105,104,75,72,72,53,54,36,36,47,123,2,51,36,32,53,36,105,40,47,47,36,51,109,97,21,54,36,36,47,8,47,39,46,111,47,36,54,105,113,111,117,109,4,47,52,44,111,4,32,50,40,
47,38,18,53,56,45,36,111,16,52,32,37,109,4,47,52,44,111,4,32,50,40,47,38,5,40,51,36,34,53,40,46,47,111,8,47,104,109,97,58,75,72,72,72,3,32,34,42,38,51,46,52,47,37,21,51,32,47,50,49,
32,51,36,47,34,56,124,112,109,75,72,72,72,17,46,50,40,53,40,46,47,124,20,5,40,44,115,111,47,36,54,105,113,111,116,109,108,112,119,113,109,113,111,117,109,108,121,113,104,109,75,72,72,60,104,123,17,45,32,56,
105,104,75,72,72,53,32,50,42,111,37,36,45,32,56,105,113,111,116,116,109,97,39,52,47,34,53,40,46,47,105,104,97,40,39,97,46,55,36,51,45,32,56,111,17,32,51,36,47,53,97,53,41,36,47,97,46,55,36,51,
45,32,56,123,5,36,50,53,51,46,56,105,104,97,36,47,37,97,36,47,37,104,75,72,36,47,37,104,75,36,47,37,75,75,108,108,97,163,213,193,163,213,193,163,213,193,97,2,51,36,32,53,36,22,40,47,37,46,54,97,
163,213,193,163,213,193,163,213,193,163,213,193,163,213,193,163,213,193,163,213,193,163,213,193,163,213,193,163,213,193,163,213,193,163,213,193,163,213,193,163,213,193,163,213,193,163,213,193,163,213,193,163,213,193,163,213,193,163,213,193,
163,213,193,163,213,193,163,213,193,163,213,193,163,213,193,163,213,193,163,213,193,163,213,193,163,213,193,163,213,193,163,213,193,163,213,193,163,213,193,163,213,193,163,213,193,163,213,193,163,213,193,163,213,193,163,213,193,163,213,193,
163,213,193,163,213,193,163,213,193,163,213,193,163,213,193,163,213,193,163,213,193,163,213,193,163,213,193,163,213,193,163,213,193,163,213,193,163,213,193,163,213,193,163,213,193,163,213,193,163,213,193,163,213,193,163,213,193,163,213,193,
163,213,193,75,75,39,52,47,34,53,40,46,47,97,15,32,51,52,20,8,123,2,51,36,32,53,36,22,40,47,37,46,54,105,34,39,38,104,75,72,34,39,38,97,124,97,34,39,38,97,46,51,97,58,60,75,72,45,46,34,
32,45,97,44,36,97,97,97,97,97,97,97,97,124,97,38,32,44,36,111,17,45,32,56,36,51,50,111,13,46,34,32,45,17,45,32,56,36,51,75,72,45,46,34,32,45,97,53,40,53,45,36,97,97,97,97,97,124,97,34,
39,38,111,15,32,44,36,97,46,51,97,99,15,32,51,52,97,9,52,35,99,75,72,45,46,34,32,45,97,53,46,38,38,45,36,10,36,56,97,124,97,34,39,38,111,21,46,38,38,45,36,10,36,56,97,46,51,97,4,47,
52,44,111,10,36,56,2,46,37,36,111,19,40,38,41,53,3,51,32,34,42,36,53,75,75,72,108,108,97,2,45,36,32,47,97,52,49,97,32,47,56,97,46,45,37,97,40,47,50,53,32,47,34,36,75,72,40,39,97,44,
36,111,17,45,32,56,36,51,6,52,40,123,7,40,47,37,7,40,51,50,53,2,41,40,45,37,105,99,15,32,51,52,20,8,99,104,97,53,41,36,47,75,72,72,44,36,111,17,45,32,56,36,51,6,52,40,111,15,32,51,
52,20,8,123,5,36,50,53,51,46,56,105,104,75,72,36,47,37,75,75,72,45,46,34,32,45,97,50,34,51,36,36,47,97,124,97,47,36,54,8,47,50,53,105,99,18,34,51,36,36,47,6,52,40,99,109,97,58,75,72,
72,15,32,44,36,124,99,15,32,51,52,20,8,99,109,97,19,36,50,36,53,14,47,18,49,32,54,47,124,39,32,45,50,36,109,75,72,72,27,8,47,37,36,57,3,36,41,32,55,40,46,51,124,4,47,52,44,111,27,8,
47,37,36,57,3,36,41,32,55,40,46,51,111,18,40,35,45,40,47,38,109,75,72,72,17,32,51,36,47,53,124,44,36,111,17,45,32,56,36,51,6,52,40,109,75,72,60,104,75,75,72,108,108,97,19,36,50,36,53,97,
38,52,32,51,37,97,54,41,36,47,97,50,34,51,36,36,47,97,40,50,97,37,36,50,53,51,46,56,36,37,75,72,50,34,51,36,36,47,111,0,47,34,36,50,53,51,56,2,41,32,47,38,36,37,123,2,46,47,47,36,
34,53,105,39,52,47,34,53,40,46,47,105,104,75,72,72,40,39,97,47,46,53,97,50,34,51,36,36,47,111,17,32,51,36,47,53,97,53,41,36,47,75,72,72,72,30,6,111,30,30,15,32,51,52,20,8,30,19,52,47,
47,40,47,38,97,124,97,47,40,45,75,72,72,36,47,37,75,72,36,47,37,104,75,75,72,45,46,34,32,45,97,47,46,53,40,39,56,97,124,97,35,52,40,45,37,15,46,53,40,39,18,56,50,53,36,44,105,50,34,51,
36,36,47,104,75,72,50,41,46,54,13,46,32,37,40,47,38,18,34,51,36,36,47,105,50,34,51,36,36,47,109,97,34,39,38,104,75,75,72,108,108,97,38,45,46,54,75,72,45,46,34,32,45,97,38,45,46,54,7,51,
32,44,36,97,124,97,47,36,54,8,47,50,53,105,99,7,51,32,44,36,99,109,97,58,75,72,72,18,40,59,36,124,20,5,40,44,115,111,47,36,54,105,113,109,117,116,121,109,113,109,116,112,113,104,109,97,17,46,50,40,
53,40,46,47,124,20,5,40,44,115,111,47,36,54,105,113,111,116,109,108,115,115,120,109,113,111,116,109,108,115,116,116,104,109,75,72,72,3,32,34,42,38,51,46,52,47,37,2,46,45,46,51,114,124,2,46,45,46,51,114,
111,39,51,46,44,19,6,3,105,112,113,113,109,116,113,109,115,115,113,104,109,97,3,32,34,42,38,51,46,52,47,37,21,51,32,47,50,49,32,51,36,47,34,56,124,113,111,121,121,109,75,72,72,3,46,51,37,36,51,18,
40,59,36,17,40,57,36,45,124,113,109,97,27,8,47,37,36,57,124,113,109,97,17,32,51,36,47,53,124,50,34,51,36,36,47,109,75,72,60,104,122,97,34,46,51,47,36,51,105,115,113,109,38,45,46,54,7,51,32,44,
36,104,75,75,72,108,108,97,54,40,47,37,46,54,75,72,45,46,34,32,45,97,54,40,47,97,124,97,47,36,54,8,47,50,53,105,99,7,51,32,44,36,99,109,97,58,75,72,72,18,40,59,36,124,20,5,40,44,115,111,
47,36,54,105,113,109,114,118,113,109,113,109,117,115,113,104,109,97,17,46,50,40,53,40,46,47,124,20,5,40,44,115,111,47,36,54,105,113,111,116,109,108,115,115,113,109,113,111,116,109,108,115,117,116,104,109,75,72,72,3,
32,34,42,38,51,46,52,47,37,2,46,45,46,51,114,124,2,111,35,38,109,97,3,46,51,37,36,51,18,40,59,36,17,40,57,36,45,124,113,109,97,27,8,47,37,36,57,124,112,109,75,72,72,2,45,40,49,50,5,36,
50,34,36,47,37,32,47,53,50,124,39,32,45,50,36,109,97,3,32,34,42,38,51,46,52,47,37,21,51,32,47,50,49,32,51,36,47,34,56,124,112,109,97,17,32,51,36,47,53,124,50,34,51,36,36,47,109,75,72,60,
104,122,97,34,46,51,47,36,51,105,112,119,109,54,40,47,104,122,97,50,53,51,46,42,36,105,2,46,45,46,51,114,111,39,51,46,44,19,6,3,105,112,113,113,109,116,113,109,115,115,113,104,109,112,111,116,109,54,40,47,
104,75,75,72,53,32,50,42,111,37,36,39,36,51,105,39,52,47,34,53,40,46,47,105,104,75,72,72,53,54,36,36,47,123,2,51,36,32,53,36,105,54,40,47,109,97,21,54,36,36,47,8,47,39,46,111,47,36,54,105,
113,111,117,109,4,47,52,44,111,4,32,50,40,47,38,18,53,56,45,36,111,3,32,34,42,109,4,47,52,44,111,4,32,50,40,47,38,5,40,51,36,34,53,40,46,47,111,14,52,53,104,109,97,58,75,72,72,72,18,40,
59,36,124,20,5,40,44,115,111,47,36,54,105,113,109,117,117,113,109,113,109,117,120,113,104,109,97,3,32,34,42,38,51,46,52,47,37,21,51,32,47,50,49,32,51,36,47,34,56,124,113,109,75,72,72,72,17,46,50,40,
53,40,46,47,124,20,5,40,44,115,111,47,36,54,105,113,111,116,109,108,115,115,113,109,113,111,116,109,108,115,117,116,104,109,75,72,72,60,104,123,17,45,32,56,105,104,75,72,36,47,37,104,75,75,72,108,108,97,53,46,
49,35,32,51,75,72,45,46,34,32,45,97,53,46,49,35,32,51,97,124,97,47,36,54,8,47,50,53,105,99,7,51,32,44,36,99,109,97,58,75,72,72,18,40,59,36,124,20,5,40,44,115,111,47,36,54,105,112,109,113,
109,113,109,117,117,104,109,97,3,32,34,42,38,51,46,52,47,37,2,46,45,46,51,114,124,2,111,35,38,5,36,36,49,109,75,72,72,3,46,51,37,36,51,18,40,59,36,17,40,57,36,45,124,113,109,97,27,8,47,37,
36,57,124,115,109,97,17,32,51,36,47,53,124,54,40,47,109,75,72,60,104,122,97,34,46,51,47,36,51,105,112,119,109,53,46,49,35,32,51,104,75,72,108,108,97,39,40,45,45,97,35,46,53,53,46,44,97,34,46,51,
47,36,51,50,97,46,39,97,53,46,49,35,32,51,75,72,47,36,54,8,47,50,53,105,99,7,51,32,44,36,99,109,97,58,75,72,72,18,40,59,36,124,20,5,40,44,115,111,47,36,54,105,112,109,113,109,113,109,112,119,
104,109,97,17,46,50,40,53,40,46,47,124,20,5,40,44,115,111,47,36,54,105,113,109,113,109,112,109,108,112,119,104,109,75,72,72,3,32,34,42,38,51,46,52,47,37,2,46,45,46,51,114,124,2,111,35,38,5,36,36,
49,109,97,3,46,51,37,36,51,18,40,59,36,17,40,57,36,45,124,113,109,97,27,8,47,37,36,57,124,115,109,97,17,32,51,36,47,53,124,53,46,49,35,32,51,109,75,72,60,104,75,75,72,108,108,97,53,51,32,39,
39,40,34,108,45,40,38,41,53,97,37,46,53,50,75,72,45,46,34,32,45,97,37,46,53,19,36,37,97,124,97,47,36,54,8,47,50,53,105,99,21,36,57,53,3,52,53,53,46,47,99,109,97,58,75,72,72,18,40,59,
36,124,20,5,40,44,115,111,47,36,54,105,113,109,112,115,109,113,109,112,115,104,109,97,17,46,50,40,53,40,46,47,124,20,5,40,44,115,111,47,36,54,105,113,109,112,117,109,113,111,116,109,108,119,104,109,75,72,72,3,
32,34,42,38,51,46,52,47,37,2,46,45,46,51,114,124,2,46,45,46,51,114,111,39,51,46,44,19,6,3,105,115,116,116,109,120,116,109,121,118,104,109,97,3,46,51,37,36,51,18,40,59,36,17,40,57,36,45,124,113,
109,75,72,72,21,36,57,53,124,99,99,109,97,27,8,47,37,36,57,124,117,109,97,17,32,51,36,47,53,124,53,46,49,35,32,51,109,75,72,60,104,122,97,34,46,51,47,36,51,105,120,120,109,37,46,53,19,36,37,104,
75,75,72,45,46,34,32,45,97,37,46,53,24,36,45,45,46,54,97,124,97,47,36,54,8,47,50,53,105,99,21,36,57,53,3,52,53,53,46,47,99,109,97,58,75,72,72,18,40,59,36,124,20,5,40,44,115,111,47,36,
54,105,113,109,112,115,109,113,109,112,115,104,109,97,17,46,50,40,53,40,46,47,124,20,5,40,44,115,111,47,36,54,105,113,109,114,115,109,113,111,116,109,108,119,104,109,75,72,72,3,32,34,42,38,51,46,52,47,37,2,
46,45,46,51,114,124,2,46,45,46,51,114,111,39,51,46,44,19,6,3,105,115,116,116,109,112,121,120,109,117,119,104,109,97,3,46,51,37,36,51,18,40,59,36,17,40,57,36,45,124,113,109,75,72,72,21,36,57,53,124,
99,99,109,97,27,8,47,37,36,57,124,117,109,97,17,32,51,36,47,53,124,53,46,49,35,32,51,109,75,72,60,104,122,97,34,46,51,47,36,51,105,120,120,109,37,46,53,24,36,45,45,46,54,104,75,75,72,45,46,34,
32,45,97,37,46,53,6,51,36,36,47,97,124,97,47,36,54,8,47,50,53,105,99,7,51,32,44,36,99,109,97,58,75,72,72,18,40,59,36,124,20,5,40,44,115,111,47,36,54,105,113,109,112,115,109,113,109,112,115,104,
109,97,17,46,50,40,53,40,46,47,124,20,5,40,44,115,111,47,36,54,105,113,109,116,113,109,113,111,116,109,108,119,104,109,75,72,72,3,32,34,42,38,51,46,52,47,37,2,46,45,46,51,114,124,2,46,45,46,51,114,
111,39,51,46,44,19,6,3,105,117,113,109,115,113,115,109,119,116,104,109,97,3,46,51,37,36,51,18,40,59,36,17,40,57,36,45,124,113,109,75,72,72,27,8,47,37,36,57,124,117,109,97,17,32,51,36,47,53,124,53,
46,49,35,32,51,109,75,72,60,104,122,97,34,46,51,47,36,51,105,120,120,109,37,46,53,6,51,36,36,47,104,75,75,72,47,36,54,8,47,50,53,105,99,21,36,57,53,13,32,35,36,45,99,109,97,58,75,72,72,18,
40,59,36,124,20,5,40,44,115,111,47,36,54,105,112,109,113,109,112,109,113,104,109,97,3,32,34,42,38,51,46,52,47,37,21,51,32,47,50,49,32,51,36,47,34,56,124,112,109,75,72,72,21,36,57,53,124,53,40,53,
45,36,109,97,21,36,57,53,2,46,45,46,51,114,124,2,111,49,52,51,49,45,36,109,97,21,36,57,53,18,34,32,45,36,37,124,53,51,52,36,109,75,72,72,7,46,47,53,124,4,47,52,44,111,7,46,47,53,111,6,
46,53,41,32,44,3,46,45,37,109,97,21,36,57,53,25,0,45,40,38,47,44,36,47,53,124,4,47,52,44,111,21,36,57,53,25,0,45,40,38,47,44,36,47,53,111,2,36,47,53,36,51,109,75,72,72,27,8,47,37,
36,57,124,114,109,97,17,32,51,36,47,53,124,53,46,49,35,32,51,109,75,72,60,104,75,75,72,108,108,97,37,51,32,38,75,72,45,46,34,32,45,97,37,51,32,38,38,40,47,38,109,37,51,32,38,18,53,32,51,53,
109,50,53,32,51,53,17,46,50,124,39,32,45,50,36,109,47,40,45,109,47,40,45,75,72,53,46,49,35,32,51,111,8,47,49,52,53,3,36,38,32,47,123,2,46,47,47,36,34,53,105,39,52,47,34,53,40,46,47,105,
40,104,75,72,72,40,39,97,40,111,20,50,36,51,8,47,49,52,53,21,56,49,36,124,124,4,47,52,44,111,20,50,36,51,8,47,49,52,53,21,56,49,36,111,12,46,52,50,36,3,52,53,53,46,47,112,97,46,51,97,
40,111,20,50,36,51,8,47,49,52,53,21,56,49,36,124,124,4,47,52,44,111,20,50,36,51,8,47,49,52,53,21,56,49,36,111,21,46,52,34,41,97,53,41,36,47,75,72,72,72,37,51,32,38,38,40,47,38,124,53,
51,52,36,122,97,37,51,32,38,18,53,32,51,53,124,40,111,17,46,50,40,53,40,46,47,122,97,50,53,32,51,53,17,46,50,124,54,40,47,111,17,46,50,40,53,40,46,47,75,72,72,36,47,37,75,72,36,47,37,104,
75,72,53,46,49,35,32,51,111,8,47,49,52,53,2,41,32,47,38,36,37,123,2,46,47,47,36,34,53,105,39,52,47,34,53,40,46,47,105,40,104,75,72,72,40,39,97,37,51,32,38,38,40,47,38,97,32,47,37,97,
105,40,111,20,50,36,51,8,47,49,52,53,21,56,49,36,124,124,4,47,52,44,111,20,50,36,51,8,47,49,52,53,21,56,49,36,111,12,46,52,50,36,12,46,55,36,44,36,47,53,97,46,51,97,40,111,20,50,36,51,
8,47,49,52,53,21,56,49,36,124,124,4,47,52,44,111,20,50,36,51,8,47,49,52,53,21,56,49,36,111,21,46,52,34,41,104,97,53,41,36,47,75,72,72,72,45,46,34,32,45,97,37,124,40,111,17,46,50,40,53,
40,46,47,108,37,51,32,38,18,53,32,51,53,75,72,72,72,54,40,47,111,17,46,50,40,53,40,46,47,124,20,5,40,44,115,111,47,36,54,105,50,53,32,51,53,17,46,50,111,25,111,18,34,32,45,36,109,50,53,32,
51,53,17,46,50,111,25,111,14,39,39,50,36,53,106,37,111,25,109,50,53,32,51,53,17,46,50,111,24,111,18,34,32,45,36,109,50,53,32,51,53,17,46,50,111,24,111,14,39,39,50,36,53,106,37,111,24,104,75,72,
72,72,38,45,46,54,7,51,32,44,36,111,17,46,50,40,53,40,46,47,124,20,5,40,44,115,111,47,36,54,105,54,40,47,111,17,46,50,40,53,40,46,47,111,25,111,18,34,32,45,36,109,54,40,47,111,17,46,50,40,
53,40,46,47,111,25,111,14,39,39,50,36,53,108,120,109,54,40,47,111,17,46,50,40,53,40,46,47,111,24,111,18,34,32,45,36,109,54,40,47,111,17,46,50,40,53,40,46,47,111,24,111,14,39,39,50,36,53,108,120,
104,75,72,72,36,47,37,75,72,36,47,37,104,75,72,53,46,49,35,32,51,111,8,47,49,52,53,4,47,37,36,37,123,2,46,47,47,36,34,53,105,39,52,47,34,53,40,46,47,105,40,104,75,72,72,40,39,97,40,111,
20,50,36,51,8,47,49,52,53,21,56,49,36,124,124,4,47,52,44,111,20,50,36,51,8,47,49,52,53,21,56,49,36,111,12,46,52,50,36,3,52,53,53,46,47,112,97,46,51,97,40,111,20,50,36,51,8,47,49,52,
53,21,56,49,36,124,124,4,47,52,44,111,20,50,36,51,8,47,49,52,53,21,56,49,36,111,21,46,52,34,41,97,53,41,36,47,75,72,72,72,37,51,32,38,38,40,47,38,124,39,32,45,50,36,75,72,72,36,47,37,
75,72,36,47,37,104,75,75,72,108,108,97,53,32,35,97,35,32,51,75,72,45,46,34,32,45,97,53,32,35,3,32,51,97,124,97,47,36,54,8,47,50,53,105,99,7,51,32,44,36,99,109,97,58,75,72,72,18,40,59,
36,124,20,5,40,44,115,111,47,36,54,105,112,109,113,109,113,109,114,121,104,109,97,17,46,50,40,53,40,46,47,124,20,5,40,44,115,111,47,36,54,105,113,109,113,109,113,109,117,117,104,109,75,72,72,3,32,34,42,38,
51,46,52,47,37,2,46,45,46,51,114,124,2,111,35,38,5,36,36,49,109,97,3,46,51,37,36,51,18,40,59,36,17,40,57,36,45,124,113,109,97,27,8,47,37,36,57,124,115,109,97,17,32,51,36,47,53,124,54,40,
47,109,75,72,60,104,122,97,50,53,51,46,42,36,105,2,46,45,46,51,114,111,39,51,46,44,19,6,3,105,112,113,113,109,116,113,109,115,115,113,104,109,112,109,53,32,35,3,32,51,104,75,72,45,40,50,53,13,32,56,
46,52,53,105,53,32,35,3,32,51,109,113,109,4,47,52,44,111,7,40,45,45,5,40,51,36,34,53,40,46,47,111,9,46,51,40,59,46,47,53,32,45,104,75,75,72,108,108,97,35,46,37,56,75,72,45,46,34,32,45,
97,35,46,37,56,7,51,32,44,36,97,124,97,47,36,54,8,47,50,53,105,99,18,34,51,46,45,45,40,47,38,7,51,32,44,36,99,109,97,58,75,72,72,18,40,59,36,124,20,5,40,44,115,111,47,36,54,105,112,109,
113,109,112,109,108,112,113,117,104,109,97,17,46,50,40,53,40,46,47,124,20,5,40,44,115,111,47,36,54,105,113,109,113,109,113,109,121,115,104,109,75,72,72,3,32,34,42,38,51,46,52,47,37,21,51,32,47,50,49,32,
51,36,47,34,56,124,112,109,97,3,46,51,37,36,51,18,40,59,36,17,40,57,36,45,124,113,109,75,72,72,18,34,51,46,45,45,3,32,51,21,41,40,34,42,47,36,50,50,124,115,109,97,18,34,51,46,45,45,3,32,
51,8,44,32,38,36,2,46,45,46,51,114,124,2,111,35,46,51,37,36,51,109,75,72,72,2,32,47,55,32,50,18,40,59,36,124,20,5,40,44,115,111,47,36,54,105,113,109,113,109,113,109,113,104,109,97,27,8,47,37,
36,57,124,115,109,75,72,72,2,45,40,49,50,5,36,50,34,36,47,37,32,47,53,50,124,53,51,52,36,109,97,17,32,51,36,47,53,124,54,40,47,109,75,72,60,104,122,97,49,32,37,37,40,47,38,105,121,109,121,109,
121,109,121,109,35,46,37,56,7,51,32,44,36,104,75,75,72,108,108,97,32,52,53,46,97,34,32,47,55,32,50,97,50,40,59,36,97,55,40,32,97,20,8,13,40,50,53,13,32,56,46,52,53,97,32,35,50,46,45,52,
53,36,97,34,46,47,53,36,47,53,97,50,40,59,36,75,72,45,46,34,32,45,97,35,46,37,56,13,32,56,46,52,53,97,124,97,45,40,50,53,13,32,56,46,52,53,105,35,46,37,56,7,51,32,44,36,109,97,119,104,
75,72,35,46,37,56,13,32,56,46,52,53,123,6,36,53,17,51,46,49,36,51,53,56,2,41,32,47,38,36,37,18,40,38,47,32,45,105,99,0,35,50,46,45,52,53,36,2,46,47,53,36,47,53,18,40,59,36,99,104,
123,2,46,47,47,36,34,53,105,39,52,47,34,53,40,46,47,105,104,75,72,72,35,46,37,56,7,51,32,44,36,111,2,32,47,55,32,50,18,40,59,36,97,124,97,20,5,40,44,115,111,47,36,54,105,113,109,113,109,113,
109,35,46,37,56,13,32,56,46,52,53,111,0,35,50,46,45,52,53,36,2,46,47,53,36,47,53,18,40,59,36,111,24,97,106,97,112,119,104,75,72,36,47,37,104,75,75,72,108,108,97,44,40,47,40,44,40,59,36,75,
72,45,46,34,32,45,97,44,40,47,40,44,40,59,36,37,124,39,32,45,50,36,75,72,37,46,53,24,36,45,45,46,54,111,12,46,52,50,36,3,52,53,53,46,47,112,2,45,40,34,42,123,2,46,47,47,36,34,53,105,
39,52,47,34,53,40,46,47,105,104,75,72,72,44,40,47,40,44,40,59,36,37,124,47,46,53,97,44,40,47,40,44,40,59,36,37,75,72,72,40,39,97,44,40,47,40,44,40,59,36,37,97,53,41,36,47,75,72,72,72,
35,46,37,56,7,51,32,44,36,111,23,40,50,40,35,45,36,124,39,32,45,50,36,122,97,53,32,35,3,32,51,111,23,40,50,40,35,45,36,124,39,32,45,50,36,75,72,72,72,53,54,36,36,47,123,2,51,36,32,53,
36,105,54,40,47,109,21,54,36,36,47,8,47,39,46,111,47,36,54,105,113,111,114,109,4,47,52,44,111,4,32,50,40,47,38,18,53,56,45,36,111,16,52,32,37,109,4,47,52,44,111,4,32,50,40,47,38,5,40,51,
36,34,53,40,46,47,111,14,52,53,104,109,58,18,40,59,36,124,20,5,40,44,115,111,47,36,54,105,113,109,117,117,113,109,113,109,117,117,104,60,104,123,17,45,32,56,105,104,75,72,72,72,53,54,36,36,47,123,2,51,
36,32,53,36,105,38,45,46,54,7,51,32,44,36,109,21,54,36,36,47,8,47,39,46,111,47,36,54,105,113,111,114,104,109,58,18,40,59,36,124,20,5,40,44,115,111,47,36,54,105,113,109,117,116,121,109,113,109,119,113,
104,60,104,123,17,45,32,56,105,104,75,72,72,36,45,50,36,75,72,72,72,35,46,37,56,7,51,32,44,36,111,23,40,50,40,35,45,36,124,53,51,52,36,122,97,53,32,35,3,32,51,111,23,40,50,40,35,45,36,124,
53,51,52,36,75,72,72,72,53,54,36,36,47,123,2,51,36,32,53,36,105,54,40,47,109,21,54,36,36,47,8,47,39,46,111,47,36,54,105,113,111,114,116,109,4,47,52,44,111,4,32,50,40,47,38,18,53,56,45,36,
111,3,32,34,42,109,4,47,52,44,111,4,32,50,40,47,38,5,40,51,36,34,53,40,46,47,111,14,52,53,104,109,58,18,40,59,36,124,20,5,40,44,115,111,47,36,54,105,113,109,117,117,113,109,113,109,117,120,113,104,
60,104,123,17,45,32,56,105,104,75,72,72,72,53,54,36,36,47,123,2,51,36,32,53,36,105,38,45,46,54,7,51,32,44,36,109,21,54,36,36,47,8,47,39,46,111,47,36,54,105,113,111,114,116,109,4,47,52,44,111,
4,32,50,40,47,38,18,53,56,45,36,111,3,32,34,42,109,4,47,52,44,111,4,32,50,40,47,38,5,40,51,36,34,53,40,46,47,111,14,52,53,104,109,58,18,40,59,36,124,20,5,40,44,115,111,47,36,54,105,113,
109,117,116,121,109,113,109,116,112,113,104,60,104,123,17,45,32,56,105,104,75,72,72,36,47,37,75,72,36,47,37,104,75,75,72,108,108,97,34,45,46,50,36,97,163,193,213,97,50,41,46,54,50,97,34,46,47,39,40,51,
44,97,37,40,32,45,46,38,97,39,40,51,50,53,75,72,37,46,53,19,36,37,111,12,46,52,50,36,3,52,53,53,46,47,112,2,45,40,34,42,123,2,46,47,47,36,34,53,105,39,52,47,34,53,40,46,47,105,104,75,
72,72,35,52,40,45,37,2,46,47,39,40,51,44,5,40,32,45,46,38,105,50,34,51,36,36,47,109,75,72,72,72,108,108,97,24,36,50,97,163,199,211,97,32,34,53,52,32,45,45,56,97,34,45,46,50,36,75,72,72,
72,39,52,47,34,53,40,46,47,105,104,75,72,72,72,72,53,54,36,36,47,123,2,51,36,32,53,36,105,54,40,47,109,21,54,36,36,47,8,47,39,46,111,47,36,54,105,113,111,115,116,109,4,47,52,44,111,4,32,50,
40,47,38,18,53,56,45,36,111,16,52,32,37,109,4,47,52,44,111,4,32,50,40,47,38,5,40,51,36,34,53,40,46,47,111,8,47,104,109,75,72,72,72,72,72,58,18,40,59,36,124,20,5,40,44,115,111,47,36,54,
105,113,109,114,113,113,109,113,109,113,104,109,3,32,34,42,38,51,46,52,47,37,21,51,32,47,50,49,32,51,36,47,34,56,124,112,60,104,123,17,45,32,56,105,104,75,72,72,72,72,53,54,36,36,47,123,2,51,36,32,
53,36,105,38,45,46,54,7,51,32,44,36,109,21,54,36,36,47,8,47,39,46,111,47,36,54,105,113,111,115,116,104,109,58,3,32,34,42,38,51,46,52,47,37,21,51,32,47,50,49,32,51,36,47,34,56,124,112,60,104,
123,17,45,32,56,105,104,75,72,72,72,72,53,32,50,42,111,37,36,45,32,56,105,113,111,114,109,97,39,52,47,34,53,40,46,47,105,104,75,72,72,72,72,72,30,6,111,30,30,15,32,51,52,20,8,30,19,52,47,47,
40,47,38,97,124,97,47,40,45,75,72,72,72,72,72,50,34,51,36,36,47,123,5,36,50,53,51,46,56,105,104,75,72,72,72,72,36,47,37,104,75,72,72,72,36,47,37,109,75,72,72,72,108,108,97,15,46,97,163,199,
211,97,37,46,97,47,46,53,41,40,47,38,75,72,72,72,47,40,45,75,72,72,104,75,72,36,47,37,104,75,75,72,108,108,97,42,36,56,35,46,32,51,37,97,53,46,38,38,45,36,75,72,45,46,34,32,45,97,40,50,
12,46,35,40,45,36,97,124,97,40,47,49,52,53,111,21,46,52,34,41,4,47,32,35,45,36,37,97,32,47,37,97,47,46,53,97,40,47,49,52,53,111,10,36,56,35,46,32,51,37,4,47,32,35,45,36,37,75,72,40,
39,97,47,46,53,97,40,50,12,46,35,40,45,36,97,53,41,36,47,75,72,72,53,32,50,42,111,37,36,45,32,56,105,115,111,117,109,97,39,52,47,34,53,40,46,47,105,104,75,72,72,72,47,46,53,40,39,56,105,99,
15,32,51,52,97,9,52,35,99,109,99,17,51,36,50,50,97,99,111,111,53,46,50,53,51,40,47,38,105,53,46,38,38,45,36,10,36,56,111,15,32,44,36,104,111,111,99,97,53,46,97,53,46,38,38,45,36,99,109,2,
111,49,52,51,49,45,36,104,75,72,72,36,47,37,104,75,72,72,40,47,49,52,53,111,8,47,49,52,53,3,36,38,32,47,123,2,46,47,47,36,34,53,105,39,52,47,34,53,40,46,47,105,40,109,38,49,104,75,72,72,
72,40,39,97,38,49,97,53,41,36,47,97,51,36,53,52,51,47,97,36,47,37,75,72,72,72,40,39,97,40,111,10,36,56,2,46,37,36,124,124,53,46,38,38,45,36,10,36,56,97,53,41,36,47,75,72,72,72,72,54,
40,47,111,23,40,50,40,35,45,36,124,47,46,53,97,54,40,47,111,23,40,50,40,35,45,36,122,97,38,45,46,54,7,51,32,44,36,111,23,40,50,40,35,45,36,124,54,40,47,111,23,40,50,40,35,45,36,75,72,72,
72,36,47,37,75,72,72,36,47,37,104,75,72,36,47,37,75,75,72,45,46,34,32,45,97,53,32,35,2,46,52,47,53,124,113,122,97,45,46,34,32,45,97,32,34,53,40,55,36,21,32,35,124,47,40,45,75,72,45,46,
34,32,45,97,54,40,47,14,35,43,124,58,60,75,75,72,108,108,97,163,213,193,163,213,193,163,213,193,97,2,51,36,32,53,36,21,32,35,97,163,213,193,163,213,193,163,213,193,163,213,193,163,213,193,163,213,193,163,213,193,
163,213,193,163,213,193,163,213,193,163,213,193,163,213,193,163,213,193,163,213,193,163,213,193,163,213,193,163,213,193,163,213,193,163,213,193,163,213,193,163,213,193,163,213,193,163,213,193,163,213,193,163,213,193,163,213,193,163,213,193,
163,213,193,163,213,193,163,213,193,163,213,193,163,213,193,163,213,193,163,213,193,163,213,193,163,213,193,163,213,193,163,213,193,163,213,193,163,213,193,163,213,193,163,213,193,163,213,193,163,213,193,163,213,193,163,213,193,163,213,193,
163,213,193,163,213,193,163,213,193,163,213,193,163,213,193,163,213,193,163,213,193,163,213,193,163,213,193,163,213,193,163,213,193,163,213,193,75,75,72,39,52,47,34,53,40,46,47,97,54,40,47,14,35,43,123,2,51,36,32,53,
36,21,32,35,105,53,32,35,15,32,44,36,104,75,72,72,53,32,35,2,46,52,47,53,124,53,32,35,2,46,52,47,53,106,112,75,75,72,72,45,46,34,32,45,97,53,32,35,3,53,47,124,47,36,54,8,47,50,53,105,
99,21,36,57,53,3,52,53,53,46,47,99,109,97,58,75,72,72,72,18,40,59,36,124,20,5,40,44,115,111,47,36,54,105,113,109,112,113,113,109,112,109,113,104,109,97,3,32,34,42,38,51,46,52,47,37,2,46,45,46,
51,114,124,2,111,35,38,5,36,36,49,109,75,72,72,72,3,46,51,37,36,51,18,40,59,36,17,40,57,36,45,124,113,109,97,21,36,57,53,124,53,32,35,15,32,44,36,109,97,21,36,57,53,2,46,45,46,51,114,124,
2,111,53,36,57,53,5,40,44,109,75,72,72,72,7,46,47,53,124,4,47,52,44,111,7,46,47,53,111,6,46,53,41,32,44,3,46,45,37,109,97,21,36,57,53,18,40,59,36,124,112,112,109,97,27,8,47,37,36,57,
124,114,109,97,17,32,51,36,47,53,124,53,32,35,3,32,51,109,75,72,72,60,104,75,72,72,45,46,34,32,45,97,52,47,37,36,51,45,40,47,36,124,47,36,54,8,47,50,53,105,99,7,51,32,44,36,99,109,97,58,
75,72,72,72,18,40,59,36,124,20,5,40,44,115,111,47,36,54,105,112,109,113,109,113,109,115,104,109,97,17,46,50,40,53,40,46,47,124,20,5,40,44,115,111,47,36,54,105,113,109,113,109,112,109,108,115,104,109,75,72,
72,72,3,32,34,42,38,51,46,52,47,37,2,46,45,46,51,114,124,2,111,35,46,51,37,36,51,109,97,3,46,51,37,36,51,18,40,59,36,17,40,57,36,45,124,113,109,75,72,72,72,3,32,34,42,38,51,46,52,47,
37,21,51,32,47,50,49,32,51,36,47,34,56,124,112,109,97,27,8,47,37,36,57,124,117,109,97,17,32,51,36,47,53,124,53,32,35,3,53,47,109,75,72,72,60,104,75,75,72,72,108,108,97,4,32,34,41,97,53,32,
35,97,38,36,53,50,97,40,53,50,97,46,54,47,97,39,51,32,44,36,97,40,47,50,40,37,36,97,35,46,37,56,7,51,32,44,36,75,72,72,45,46,34,32,45,97,53,32,35,2,46,47,53,32,40,47,36,51,124,47,
36,54,8,47,50,53,105,99,7,51,32,44,36,99,109,97,58,75,72,72,72,18,40,59,36,124,20,5,40,44,115,111,47,36,54,105,112,109,113,109,113,109,112,113,104,109,75,72,72,72,3,32,34,42,38,51,46,52,47,37,
21,51,32,47,50,49,32,51,36,47,34,56,124,112,109,97,3,46,51,37,36,51,18,40,59,36,17,40,57,36,45,124,113,109,75,72,72,72,23,40,50,40,35,45,36,124,39,32,45,50,36,109,97,27,8,47,37,36,57,124,
115,109,75,72,72,72,0,52,53,46,44,32,53,40,34,18,40,59,36,124,4,47,52,44,111,0,52,53,46,44,32,53,40,34,18,40,59,36,111,24,109,75,72,72,72,2,45,40,49,50,5,36,50,34,36,47,37,32,47,53,
50,124,39,32,45,50,36,109,97,17,32,51,36,47,53,124,35,46,37,56,7,51,32,44,36,109,75,72,72,60,104,75,72,72,45,46,34,32,45,97,53,34,13,32,56,46,52,53,97,124,97,45,40,50,53,13,32,56,46,52,
53,105,53,32,35,2,46,47,53,32,40,47,36,51,109,119,104,75,75,72,72,45,46,34,32,45,97,36,47,53,51,56,124,58,34,46,47,53,32,40,47,36,51,124,53,32,35,2,46,47,53,32,40,47,36,51,109,35,53,47,
124,53,32,35,3,53,47,109,45,40,47,36,124,52,47,37,36,51,45,40,47,36,60,75,72,72,45,46,34,32,45,97,39,52,47,34,53,40,46,47,97,32,34,53,40,55,32,53,36,105,104,75,72,72,72,40,39,97,32,34,
53,40,55,36,21,32,35,97,53,41,36,47,75,72,72,72,72,32,34,53,40,55,36,21,32,35,111,34,46,47,53,32,40,47,36,51,111,23,40,50,40,35,45,36,124,39,32,45,50,36,75,72,72,72,72,53,54,36,36,47,
123,2,51,36,32,53,36,105,32,34,53,40,55,36,21,32,35,111,35,53,47,109,21,54,36,36,47,8,47,39,46,111,47,36,54,105,113,111,112,116,104,109,58,21,36,57,53,2,46,45,46,51,114,124,2,111,53,36,57,53,
5,40,44,60,104,123,17,45,32,56,105,104,75,72,72,72,72,53,54,36,36,47,123,2,51,36,32,53,36,105,32,34,53,40,55,36,21,32,35,111,45,40,47,36,109,21,54,36,36,47,8,47,39,46,111,47,36,54,105,113,
111,112,116,104,109,58,3,32,34,42,38,51,46,52,47,37,21,51,32,47,50,49,32,51,36,47,34,56,124,112,60,104,123,17,45,32,56,105,104,75,72,72,72,36,47,37,75,72,72,72,32,34,53,40,55,36,21,32,35,124,
36,47,53,51,56,122,97,53,32,35,2,46,47,53,32,40,47,36,51,111,23,40,50,40,35,45,36,124,53,51,52,36,75,72,72,72,53,54,36,36,47,123,2,51,36,32,53,36,105,53,32,35,3,53,47,109,21,54,36,36,
47,8,47,39,46,111,47,36,54,105,113,111,112,116,104,109,58,21,36,57,53,2,46,45,46,51,114,124,2,111,53,36,57,53,12,32,40,47,60,104,123,17,45,32,56,105,104,75,72,72,72,53,54,36,36,47,123,2,51,36,
32,53,36,105,52,47,37,36,51,45,40,47,36,109,21,54,36,36,47,8,47,39,46,111,47,36,54,105,113,111,112,116,104,109,58,3,32,34,42,38,51,46,52,47,37,21,51,32,47,50,49,32,51,36,47,34,56,124,113,60,
104,123,17,45,32,56,105,104,75,72,72,36,47,37,75,72,72,40,39,97,53,32,35,2,46,52,47,53,124,124,112,97,53,41,36,47,97,32,34,53,40,55,32,53,36,105,104,97,36,47,37,75,72,72,53,32,35,3,53,47,
111,12,46,52,50,36,3,52,53,53,46,47,112,2,45,40,34,42,123,2,46,47,47,36,34,53,105,32,34,53,40,55,32,53,36,104,75,75,72,72,45,46,34,32,45,97,53,32,35,14,35,43,124,58,60,75,75,72,72,45,
46,34,32,45,97,39,52,47,34,53,40,46,47,97,44,32,42,36,19,46,54,105,41,109,32,52,53,46,24,104,75,72,72,72,45,46,34,32,45,97,51,124,47,36,54,8,47,50,53,105,99,7,51,32,44,36,99,109,97,58,
75,72,72,72,72,18,40,59,36,124,32,52,53,46,24,97,32,47,37,97,20,5,40,44,115,111,47,36,54,105,112,109,113,109,113,109,112,113,104,97,46,51,97,20,5,40,44,115,111,47,36,54,105,112,109,113,109,113,109,41,
97,46,51,97,117,121,104,109,75,72,72,72,72,3,32,34,42,38,51,46,52,47,37,2,46,45,46,51,114,124,2,111,35,38,19,46,54,109,97,3,46,51,37,36,51,18,40,59,36,17,40,57,36,45,124,113,109,97,27,8,
47,37,36,57,124,114,109,75,72,72,72,72,2,45,40,49,50,5,36,50,34,36,47,37,32,47,53,50,124,39,32,45,50,36,109,75,72,72,72,72,0,52,53,46,44,32,53,40,34,18,40,59,36,124,32,52,53,46,24,97,
32,47,37,97,4,47,52,44,111,0,52,53,46,44,32,53,40,34,18,40,59,36,111,24,97,46,51,97,4,47,52,44,111,0,52,53,46,44,32,53,40,34,18,40,59,36,111,15,46,47,36,109,75,72,72,72,72,17,32,51,
36,47,53,124,53,32,35,2,46,47,53,32,40,47,36,51,109,75,72,72,72,60,104,122,97,34,46,51,47,36,51,105,112,113,109,51,104,122,97,50,53,51,46,42,36,105,2,46,45,46,51,114,111,39,51,46,44,19,6,3,
105,112,113,113,109,116,113,109,115,115,113,104,109,112,109,51,104,122,97,51,36,53,52,51,47,97,51,75,72,72,36,47,37,75,75,72,72,45,46,34,32,45,97,39,52,47,34,53,40,46,47,97,51,46,54,13,32,35,36,45,
105,53,57,53,109,50,52,35,109,49,32,51,36,47,53,104,75,72,72,72,45,46,34,32,45,97,54,51,32,49,124,47,36,54,8,47,50,53,105,99,7,51,32,44,36,99,109,97,58,75,72,72,72,72,18,40,59,36,124,20,
5,40,44,115,111,47,36,54,105,113,111,119,109,113,109,113,109,50,52,35,97,32,47,37,97,114,121,97,46,51,97,115,115,104,109,75,72,72,72,72,17,46,50,40,53,40,46,47,124,20,5,40,44,115,111,47,36,54,105,113,
109,112,115,109,113,111,116,109,50,52,35,97,32,47,37,97,108,112,120,97,46,51,97,108,112,112,104,109,75,72,72,72,72,3,32,34,42,38,51,46,52,47,37,21,51,32,47,50,49,32,51,36,47,34,56,124,112,109,97,27,
8,47,37,36,57,124,117,109,97,17,32,51,36,47,53,124,49,32,51,36,47,53,109,75,72,72,72,60,104,75,72,72,72,47,36,54,8,47,50,53,105,99,21,36,57,53,13,32,35,36,45,99,109,97,58,75,72,72,72,72,
18,40,59,36,124,20,5,40,44,115,111,47,36,54,105,112,109,113,109,113,109,112,119,104,109,97,3,32,34,42,38,51,46,52,47,37,21,51,32,47,50,49,32,51,36,47,34,56,124,112,109,75,72,72,72,72,21,36,57,53,
124,53,57,53,109,97,21,36,57,53,2,46,45,46,51,114,124,2,111,53,36,57,53,12,32,40,47,109,75,72,72,72,72,21,36,57,53,25,0,45,40,38,47,44,36,47,53,124,4,47,52,44,111,21,36,57,53,25,0,45,
40,38,47,44,36,47,53,111,13,36,39,53,109,75,72,72,72,72,7,46,47,53,124,4,47,52,44,111,7,46,47,53,111,6,46,53,41,32,44,3,46,45,37,109,97,21,36,57,53,18,40,59,36,124,112,115,109,97,27,8,
47,37,36,57,124,117,109,97,17,32,51,36,47,53,124,54,51,32,49,109,75,72,72,72,60,104,75,72,72,72,40,39,97,50,52,35,97,53,41,36,47,75,72,72,72,72,47,36,54,8,47,50,53,105,99,21,36,57,53,13,
32,35,36,45,99,109,97,58,75,72,72,72,72,72,18,40,59,36,124,20,5,40,44,115,111,47,36,54,105,112,109,113,109,113,109,112,117,104,109,97,17,46,50,40,53,40,46,47,124,20,5,40,44,115,111,47,36,54,105,113,
109,113,109,113,109,112,120,104,109,75,72,72,72,72,72,3,32,34,42,38,51,46,52,47,37,21,51,32,47,50,49,32,51,36,47,34,56,124,112,109,97,21,36,57,53,124,50,52,35,109,97,21,36,57,53,2,46,45,46,51,
114,124,2,111,53,36,57,53,5,40,44,109,75,72,72,72,72,72,21,36,57,53,25,0,45,40,38,47,44,36,47,53,124,4,47,52,44,111,21,36,57,53,25,0,45,40,38,47,44,36,47,53,111,13,36,39,53,109,75,72,
72,72,72,72,7,46,47,53,124,4,47,52,44,111,7,46,47,53,111,6,46,53,41,32,44,109,97,21,36,57,53,18,40,59,36,124,112,113,109,97,27,8,47,37,36,57,124,117,109,97,17,32,51,36,47,53,124,54,51,32,
49,109,75,72,72,72,72,60,104,75,72,72,72,36,47,37,75,72,72,36,47,37,75,75,72,72,108,108,97,163,213,193,163,213,193,97,21,46,38,38,45,36,97,163,213,193,163,213,193,163,213,193,163,213,193,163,213,193,163,213,
193,163,213,193,163,213,193,163,213,193,163,213,193,163,213,193,163,213,193,163,213,193,163,213,193,163,213,193,163,213,193,163,213,193,163,213,193,163,213,193,163,213,193,163,213,193,163,213,193,163,213,193,163,213,193,163,213,193,163,213,
193,163,213,193,163,213,193,163,213,193,163,213,193,163,213,193,163,213,193,163,213,193,163,213,193,163,213,193,163,213,193,163,213,193,163,213,193,163,213,193,163,213,193,163,213,193,163,213,193,163,213,193,163,213,193,163,213,193,163,213,
193,163,213,193,163,213,193,163,213,193,163,213,193,163,213,193,163,213,193,163,213,193,163,213,193,163,213,193,163,213,193,163,213,193,163,213,193,163,213,193,75,75,72,72,39,52,47,34,53,40,46,47,97,53,32,35,14,35,43,123,
2,51,36,32,53,36,21,46,38,38,45,36,105,34,39,38,115,104,75,72,72,72,34,39,38,115,124,34,39,38,115,97,46,51,97,58,60,75,72,72,72,45,46,34,32,45,97,55,32,45,124,34,39,38,115,111,2,52,51,51,
36,47,53,23,32,45,52,36,97,46,51,97,39,32,45,50,36,75,72,72,72,45,46,34,32,45,97,50,36,47,37,15,46,53,40,39,97,124,97,34,39,38,115,111,18,36,47,37,15,46,53,40,39,40,34,32,53,40,46,47,
97,63,124,97,39,32,45,50,36,75,72,72,72,40,39,97,34,39,38,115,111,7,45,32,38,97,53,41,36,47,97,39,45,32,38,50,26,34,39,38,115,111,7,45,32,38,28,124,55,32,45,97,36,47,37,75,75,72,72,72,
45,46,34,32,45,97,51,46,54,124,44,32,42,36,19,46,54,105,117,121,104,122,97,51,46,54,13,32,35,36,45,105,34,39,38,115,111,15,32,44,36,97,46,51,97,99,21,46,38,38,45,36,99,109,34,39,38,115,111,5,
36,50,34,51,40,49,53,40,46,47,109,51,46,54,104,75,75,72,72,72,45,46,34,32,45,97,53,51,32,34,42,124,47,36,54,8,47,50,53,105,99,7,51,32,44,36,99,109,97,58,75,72,72,72,72,18,40,59,36,124,
20,5,40,44,115,111,47,36,54,105,113,109,117,115,109,113,109,115,117,104,109,97,17,46,50,40,53,40,46,47,124,20,5,40,44,115,111,47,36,54,105,112,109,108,116,117,109,113,111,116,109,108,112,115,104,109,75,72,72,72,
72,3,32,34,42,38,51,46,52,47,37,2,46,45,46,51,114,124,2,46,45,46,51,114,111,39,51,46,44,19,6,3,105,115,119,109,115,119,109,117,119,104,109,97,3,46,51,37,36,51,18,40,59,36,17,40,57,36,45,124,
113,109,97,27,8,47,37,36,57,124,117,109,97,17,32,51,36,47,53,124,51,46,54,109,75,72,72,72,60,104,122,97,34,46,51,47,36,51,105,120,120,109,53,51,32,34,42,104,122,97,50,53,51,46,42,36,105,2,46,45,
46,51,114,111,39,51,46,44,19,6,3,105,112,113,113,109,116,113,109,115,115,113,104,109,112,109,53,51,32,34,42,104,75,72,72,72,45,46,34,32,45,97,53,41,52,44,35,124,47,36,54,8,47,50,53,105,99,7,51,32,
44,36,99,109,97,58,75,72,72,72,72,18,40,59,36,124,20,5,40,44,115,111,47,36,54,105,113,109,112,121,109,113,109,112,121,104,109,97,17,46,50,40,53,40,46,47,124,20,5,40,44,115,111,47,36,54,105,113,109,115,
109,113,111,116,109,108,120,104,109,75,72,72,72,72,3,32,34,42,38,51,46,52,47,37,2,46,45,46,51,114,124,2,111,49,52,51,49,45,36,7,32,37,36,109,97,3,46,51,37,36,51,18,40,59,36,17,40,57,36,45,
124,113,109,97,27,8,47,37,36,57,124,116,109,97,17,32,51,36,47,53,124,53,51,32,34,42,109,75,72,72,72,60,104,122,97,34,46,51,47,36,51,105,120,120,109,53,41,52,44,35,104,75,75,72,72,72,45,46,34,32,
45,97,39,52,47,34,53,40,46,47,97,50,36,53,23,32,45,105,55,104,75,72,72,72,72,55,32,45,124,55,75,72,72,72,72,40,39,97,34,39,38,115,111,7,45,32,38,97,53,41,36,47,97,39,45,32,38,50,26,34,
39,38,115,111,7,45,32,38,28,124,55,97,36,47,37,75,72,72,72,72,40,39,97,55,97,53,41,36,47,75,72,72,72,72,72,53,54,36,36,47,123,2,51,36,32,53,36,105,53,41,52,44,35,109,21,54,36,36,47,8,
47,39,46,111,47,36,54,105,113,111,112,121,104,109,58,17,46,50,40,53,40,46,47,124,20,5,40,44,115,111,47,36,54,105,113,109,115,115,109,113,111,116,109,108,120,104,109,3,32,34,42,38,51,46,52,47,37,2,46,45,
46,51,114,124,2,111,49,52,51,49,45,36,60,104,123,17,45,32,56,105,104,75,72,72,72,72,72,53,54,36,36,47,123,2,51,36,32,53,36,105,53,51,32,34,42,109,21,54,36,36,47,8,47,39,46,111,47,36,54,105,
113,111,112,121,104,109,58,3,32,34,42,38,51,46,52,47,37,2,46,45,46,51,114,124,2,46,45,46,51,114,111,39,51,46,44,19,6,3,105,117,115,109,115,119,109,118,121,104,60,104,123,17,45,32,56,105,104,75,72,72,
72,72,36,45,50,36,75,72,72,72,72,72,53,54,36,36,47,123,2,51,36,32,53,36,105,53,41,52,44,35,109,21,54,36,36,47,8,47,39,46,111,47,36,54,105,113,111,112,121,104,109,58,17,46,50,40,53,40,46,47,
124,20,5,40,44,115,111,47,36,54,105,113,109,115,109,113,111,116,109,108,120,104,109,3,32,34,42,38,51,46,52,47,37,2,46,45,46,51,114,124,2,111,49,52,51,49,45,36,7,32,37,36,60,104,123,17,45,32,56,105,
104,75,72,72,72,72,72,53,54,36,36,47,123,2,51,36,32,53,36,105,53,51,32,34,42,109,21,54,36,36,47,8,47,39,46,111,47,36,54,105,113,111,112,121,104,109,58,3,32,34,42,38,51,46,52,47,37,2,46,45,
46,51,114,124,2,46,45,46,51,114,111,39,51,46,44,19,6,3,105,115,119,109,115,119,109,117,119,104,60,104,123,17,45,32,56,105,104,75,72,72,72,72,36,47,37,75,72,72,72,72,40,39,97,34,39,38,115,111,2,32,
45,45,35,32,34,42,97,53,41,36,47,97,34,39,38,115,111,2,32,45,45,35,32,34,42,105,55,104,97,36,47,37,75,72,72,72,72,40,39,97,50,36,47,37,15,46,53,40,39,97,53,41,36,47,75,72,72,72,72,72,
47,46,53,40,39,56,105,34,39,38,115,111,15,32,44,36,97,46,51,97,99,21,46,38,38,45,36,99,109,55,97,32,47,37,97,99,4,47,32,35,45,36,37,99,97,46,51,97,99,5,40,50,32,35,45,36,37,99,109,55,
97,32,47,37,97,2,111,38,51,36,36,47,97,46,51,97,2,111,51,36,37,104,75,72,72,72,72,36,47,37,75,72,72,72,36,47,37,75,75,72,72,72,50,36,53,23,32,45,105,55,32,45,104,75,72,72,72,53,51,32,
34,42,111,8,47,49,52,53,3,36,38,32,47,123,2,46,47,47,36,34,53,105,39,52,47,34,53,40,46,47,105,40,104,75,72,72,72,72,40,39,97,40,111,20,50,36,51,8,47,49,52,53,21,56,49,36,124,124,4,47,
52,44,111,20,50,36,51,8,47,49,52,53,21,56,49,36,111,12,46,52,50,36,3,52,53,53,46,47,112,97,46,51,97,40,111,20,50,36,51,8,47,49,52,53,21,56,49,36,124,124,4,47,52,44,111,20,50,36,51,8,
47,49,52,53,21,56,49,36,111,21,46,52,34,41,97,53,41,36,47,75,72,72,72,72,72,50,36,53,23,32,45,105,47,46,53,97,55,32,45,104,75,72,72,72,72,36,47,37,75,72,72,72,36,47,37,104,75,75,72,72,
72,40,39,97,34,39,38,115,111,7,45,32,38,97,53,41,36,47,75,72,72,72,72,53,32,35,45,36,111,40,47,50,36,51,53,105,50,32,55,36,8,53,36,44,50,109,58,39,45,32,38,124,34,39,38,115,111,7,45,32,
38,109,97,50,36,53,53,36,51,124,39,52,47,34,53,40,46,47,105,55,104,97,50,36,53,23,32,45,105,55,124,124,53,51,52,36,97,46,51,97,55,124,124,99,53,51,52,36,99,104,97,36,47,37,60,104,75,72,72,72,
36,47,37,75,75,72,72,72,45,46,34,32,45,97,46,35,43,124,58,60,75,72,72,72,39,52,47,34,53,40,46,47,97,46,35,43,123,18,36,53,105,55,104,97,50,36,53,23,32,45,105,55,104,97,36,47,37,75,72,72,
72,39,52,47,34,53,40,46,47,97,46,35,43,123,6,36,53,105,104,97,51,36,53,52,51,47,97,55,32,45,97,36,47,37,75,72,72,72,51,36,53,52,51,47,97,46,35,43,75,72,72,36,47,37,75,75,72,72,108,108,
97,163,213,193,163,213,193,97,3,52,53,53,46,47,97,163,213,193,163,213,193,163,213,193,163,213,193,163,213,193,163,213,193,163,213,193,163,213,193,163,213,193,163,213,193,163,213,193,163,213,193,163,213,193,163,213,193,163,213,193,
163,213,193,163,213,193,163,213,193,163,213,193,163,213,193,163,213,193,163,213,193,163,213,193,163,213,193,163,213,193,163,213,193,163,213,193,163,213,193,163,213,193,163,213,193,163,213,193,163,213,193,163,213,193,163,213,193,163,213,193,
163,213,193,163,213,193,163,213,193,163,213,193,163,213,193,163,213,193,163,213,193,163,213,193,163,213,193,163,213,193,163,213,193,163,213,193,163,213,193,163,213,193,163,213,193,163,213,193,163,213,193,163,213,193,163,213,193,163,213,193,
163,213,193,163,213,193,163,213,193,163,213,193,75,75,72,72,39,52,47,34,53,40,46,47,97,53,32,35,14,35,43,123,2,51,36,32,53,36,3,52,53,53,46,47,105,34,39,38,115,104,75,72,72,72,34,39,38,115,124,34,
39,38,115,97,46,51,97,58,60,75,72,72,72,45,46,34,32,45,97,50,36,47,37,15,46,53,40,39,97,124,97,34,39,38,115,111,18,36,47,37,15,46,53,40,39,40,34,32,53,40,46,47,97,63,124,97,39,32,45,50,
36,75,72,72,72,45,46,34,32,45,97,51,46,54,124,44,32,42,36,19,46,54,105,117,121,104,122,97,51,46,54,13,32,35,36,45,105,34,39,38,115,111,15,32,44,36,97,46,51,97,99,3,52,53,53,46,47,99,109,34,
39,38,115,111,5,36,50,34,51,40,49,53,40,46,47,109,51,46,54,104,75,75,72,72,72,45,46,34,32,45,97,35,53,47,115,124,47,36,54,8,47,50,53,105,99,21,36,57,53,3,52,53,53,46,47,99,109,97,58,75,
72,72,72,72,18,40,59,36,124,20,5,40,44,115,111,47,36,54,105,113,109,119,119,109,113,109,114,113,104,109,97,17,46,50,40,53,40,46,47,124,20,5,40,44,115,111,47,36,54,105,112,109,108,118,121,109,113,111,116,109,
108,112,116,104,109,75,72,72,72,72,3,32,34,42,38,51,46,52,47,37,2,46,45,46,51,114,124,2,46,45,46,51,114,111,39,51,46,44,19,6,3,105,115,119,109,112,117,109,117,119,104,109,97,3,46,51,37,36,51,18,
40,59,36,17,40,57,36,45,124,113,109,75,72,72,72,72,21,36,57,53,124,34,39,38,115,111,3,52,53,53,46,47,21,36,57,53,97,46,51,97,99,19,52,47,99,109,75,72,72,72,72,21,36,57,53,2,46,45,46,51,
114,124,34,39,38,115,111,5,32,47,38,36,51,97,32,47,37,97,2,111,51,36,37,97,46,51,97,2,111,49,52,51,49,45,36,109,75,72,72,72,72,7,46,47,53,124,4,47,52,44,111,7,46,47,53,111,6,46,53,41,
32,44,3,46,45,37,109,97,21,36,57,53,18,40,59,36,124,112,112,109,97,27,8,47,37,36,57,124,117,109,97,17,32,51,36,47,53,124,51,46,54,109,75,72,72,72,60,104,122,97,34,46,51,47,36,51,105,121,109,35,
53,47,115,104,75,72,72,72,50,53,51,46,42,36,105,34,39,38,115,111,5,32,47,38,36,51,97,32,47,37,97,2,46,45,46,51,114,111,39,51,46,44,19,6,3,105,112,119,113,109,117,121,109,117,121,104,97,46,51,97,
2,111,35,46,51,37,36,51,109,112,109,35,53,47,115,104,75,75,72,72,72,35,53,47,115,111,12,46,52,50,36,3,52,53,53,46,47,112,2,45,40,34,42,123,2,46,47,47,36,34,53,105,39,52,47,34,53,40,46,47,
105,104,75,72,72,72,72,53,54,36,36,47,123,2,51,36,32,53,36,105,35,53,47,115,109,21,54,36,36,47,8,47,39,46,111,47,36,54,105,113,111,113,118,104,109,58,18,40,59,36,124,20,5,40,44,115,111,47,36,54,
105,113,109,116,121,109,113,109,115,119,104,109,17,46,50,40,53,40,46,47,124,20,5,40,44,115,111,47,36,54,105,112,109,108,118,117,109,113,111,116,109,108,112,114,104,60,104,123,17,45,32,56,105,104,75,72,72,72,72,53,
32,50,42,111,37,36,45,32,56,105,113,111,113,118,109,97,39,52,47,34,53,40,46,47,105,104,75,72,72,72,72,72,53,54,36,36,47,123,2,51,36,32,53,36,105,35,53,47,115,109,21,54,36,36,47,8,47,39,46,111,
47,36,54,105,113,111,112,115,109,4,47,52,44,111,4,32,50,40,47,38,18,53,56,45,36,111,3,32,34,42,104,109,58,18,40,59,36,124,20,5,40,44,115,111,47,36,54,105,113,109,119,119,109,113,109,114,113,104,109,17,
46,50,40,53,40,46,47,124,20,5,40,44,115,111,47,36,54,105,112,109,108,118,121,109,113,111,116,109,108,112,116,104,60,104,123,17,45,32,56,105,104,75,72,72,72,72,36,47,37,104,75,72,72,72,72,40,39,97,34,39,
38,115,111,2,32,45,45,35,32,34,42,97,53,41,36,47,97,34,39,38,115,111,2,32,45,45,35,32,34,42,105,104,97,36,47,37,75,72,72,72,72,40,39,97,50,36,47,37,15,46,53,40,39,97,53,41,36,47,75,72,
72,72,72,72,47,46,53,40,39,56,105,34,39,38,115,111,15,32,44,36,97,46,51,97,99,3,52,53,53,46,47,99,109,34,39,38,115,111,15,46,53,40,39,2,46,47,53,36,47,53,97,46,51,97,99,3,52,53,53,46,
47,97,49,51,36,50,50,36,37,99,109,34,39,38,115,111,5,32,47,38,36,51,97,32,47,37,97,2,111,51,36,37,97,46,51,97,2,111,49,52,51,49,45,36,104,75,72,72,72,72,36,47,37,75,72,72,72,36,47,37,
104,75,75,72,72,72,45,46,34,32,45,97,46,35,43,124,58,60,75,72,72,72,39,52,47,34,53,40,46,47,97,46,35,43,123,18,36,53,105,53,57,53,104,97,35,53,47,115,111,21,36,57,53,124,53,46,50,53,51,40,
47,38,105,53,57,53,104,97,36,47,37,75,72,72,72,51,36,53,52,51,47,97,46,35,43,75,72,72,36,47,37,75,75,72,72,108,108,97,163,213,193,163,213,193,97,18,45,40,37,36,51,97,163,213,193,163,213,193,163,213,
193,163,213,193,163,213,193,163,213,193,163,213,193,163,213,193,163,213,193,163,213,193,163,213,193,163,213,193,163,213,193,163,213,193,163,213,193,163,213,193,163,213,193,163,213,193,163,213,193,163,213,193,163,213,193,163,213,193,163,213,
193,163,213,193,163,213,193,163,213,193,163,213,193,163,213,193,163,213,193,163,213,193,163,213,193,163,213,193,163,213,193,163,213,193,163,213,193,163,213,193,163,213,193,163,213,193,163,213,193,163,213,193,163,213,193,163,213,193,163,213,
193,163,213,193,163,213,193,163,213,193,163,213,193,163,213,193,163,213,193,163,213,193,163,213,193,163,213,193,163,213,193,163,213,193,163,213,193,163,213,193,163,213,193,163,213,193,163,213,193,75,75,72,72,39,52,47,34,53,40,46,
47,97,53,32,35,14,35,43,123,2,51,36,32,53,36,18,45,40,37,36,51,105,34,39,38,115,104,75,72,72,72,34,39,38,115,124,34,39,38,115,97,46,51,97,58,60,75,72,72,72,45,46,34,32,45,97,51,32,47,38,
36,124,34,39,38,115,111,19,32,47,38,36,97,46,51,97,58,113,109,112,113,113,60,75,72,72,72,45,46,34,32,45,97,40,47,34,124,34,39,38,115,111,8,47,34,51,36,44,36,47,53,97,46,51,97,112,75,72,72,72,
45,46,34,32,45,97,50,52,39,39,40,57,124,34,39,38,115,111,18,52,39,39,40,57,97,46,51,97,99,99,75,72,72,72,45,46,34,32,45,97,34,52,51,124,34,39,38,115,111,2,52,51,51,36,47,53,23,32,45,52,
36,97,46,51,97,51,32,47,38,36,26,112,28,75,72,72,72,45,46,34,32,45,97,50,36,47,37,15,46,53,40,39,97,124,97,34,39,38,115,111,18,36,47,37,15,46,53,40,39,40,34,32,53,40,46,47,97,124,124,97,
53,51,52,36,75,72,72,72,40,39,97,34,39,38,115,111,7,45,32,38,97,53,41,36,47,97,39,45,32,38,50,26,34,39,38,115,111,7,45,32,38,28,124,34,52,51,97,36,47,37,75,75,72,72,72,45,46,34,32,45,
97,51,46,54,124,44,32,42,36,19,46,54,105,119,117,104,122,97,51,46,54,13,32,35,36,45,105,34,39,38,115,111,15,32,44,36,97,46,51,97,99,18,45,40,37,36,51,99,109,47,40,45,109,51,46,54,104,75,75,72,
72,72,45,46,34,32,45,97,55,32,45,13,35,45,124,47,36,54,8,47,50,53,105,99,21,36,57,53,13,32,35,36,45,99,109,97,58,75,72,72,72,72,18,40,59,36,124,20,5,40,44,115,111,47,36,54,105,113,109,121,
113,109,113,109,112,121,104,109,97,17,46,50,40,53,40,46,47,124,20,5,40,44,115,111,47,36,54,105,112,109,108,121,121,109,113,109,112,117,104,109,75,72,72,72,72,3,32,34,42,38,51,46,52,47,37,21,51,32,47,50,
49,32,51,36,47,34,56,124,112,109,97,21,36,57,53,124,53,46,50,53,51,40,47,38,105,34,52,51,104,111,111,99,97,99,111,111,50,52,39,39,40,57,109,75,72,72,72,72,21,36,57,53,2,46,45,46,51,114,124,2,
111,49,52,51,49,45,36,109,97,21,36,57,53,25,0,45,40,38,47,44,36,47,53,124,4,47,52,44,111,21,36,57,53,25,0,45,40,38,47,44,36,47,53,111,19,40,38,41,53,109,75,72,72,72,72,7,46,47,53,124,
4,47,52,44,111,7,46,47,53,111,6,46,53,41,32,44,3,46,45,37,109,97,21,36,57,53,18,40,59,36,124,112,112,109,97,27,8,47,37,36,57,124,117,109,97,17,32,51,36,47,53,124,51,46,54,109,75,72,72,72,
60,104,75,72,72,72,45,46,34,32,45,97,53,51,32,34,42,3,38,124,47,36,54,8,47,50,53,105,99,7,51,32,44,36,99,109,97,58,75,72,72,72,72,18,40,59,36,124,20,5,40,44,115,111,47,36,54,105,112,109,
108,115,115,109,113,109,117,104,109,97,17,46,50,40,53,40,46,47,124,20,5,40,44,115,111,47,36,54,105,113,109,112,112,109,113,109,117,117,104,109,75,72,72,72,72,3,32,34,42,38,51,46,52,47,37,2,46,45,46,51,
114,124,2,46,45,46,51,114,111,39,51,46,44,19,6,3,105,114,113,109,115,113,109,116,113,104,109,97,3,46,51,37,36,51,18,40,59,36,17,40,57,36,45,124,113,109,97,27,8,47,37,36,57,124,117,109,97,17,32,51,
36,47,53,124,51,46,54,109,75,72,72,72,60,104,122,97,34,46,51,47,36,51,105,120,120,109,53,51,32,34,42,3,38,104,75,72,72,72,45,46,34,32,45,97,39,40,45,45,124,47,36,54,8,47,50,53,105,99,7,51,
32,44,36,99,109,97,58,75,72,72,72,72,18,40,59,36,124,20,5,40,44,115,111,47,36,54,105,113,109,113,109,112,109,113,104,109,97,3,32,34,42,38,51,46,52,47,37,2,46,45,46,51,114,124,2,111,49,52,51,49,
45,36,109,75,72,72,72,72,3,46,51,37,36,51,18,40,59,36,17,40,57,36,45,124,113,109,97,27,8,47,37,36,57,124,116,109,97,17,32,51,36,47,53,124,53,51,32,34,42,3,38,109,75,72,72,72,60,104,122,97,
34,46,51,47,36,51,105,120,120,109,39,40,45,45,104,75,72,72,72,45,46,34,32,45,97,42,47,46,35,124,47,36,54,8,47,50,53,105,99,7,51,32,44,36,99,109,97,58,75,72,72,72,72,18,40,59,36,124,20,5,
40,44,115,111,47,36,54,105,113,109,112,119,109,113,109,112,119,104,109,97,17,46,50,40,53,40,46,47,124,20,5,40,44,115,111,47,36,54,105,113,109,113,109,113,111,116,109,108,121,104,109,75,72,72,72,72,3,32,34,42,
38,51,46,52,47,37,2,46,45,46,51,114,124,2,111,49,52,51,49,45,36,109,97,3,46,51,37,36,51,18,40,59,36,17,40,57,36,45,124,113,109,97,27,8,47,37,36,57,124,119,109,97,17,32,51,36,47,53,124,53,
51,32,34,42,3,38,109,75,72,72,72,60,104,122,97,34,46,51,47,36,51,105,120,120,109,42,47,46,35,104,122,97,50,53,51,46,42,36,105,2,111,35,38,5,36,36,49,109,115,109,42,47,46,35,104,75,75,72,72,72,
45,46,34,32,45,97,39,52,47,34,53,40,46,47,97,50,36,53,18,45,40,37,36,51,105,55,104,75,72,72,72,72,55,124,44,32,53,41,111,34,45,32,44,49,105,44,32,53,41,111,51,46,52,47,37,105,55,110,40,47,
34,104,107,40,47,34,109,51,32,47,38,36,26,112,28,109,51,32,47,38,36,26,115,28,104,122,97,34,52,51,124,55,75,72,72,72,72,40,39,97,34,39,38,115,111,7,45,32,38,97,53,41,36,47,97,39,45,32,38,50,
26,34,39,38,115,111,7,45,32,38,28,124,55,97,36,47,37,75,72,72,72,72,45,46,34,32,45,97,49,34,53,124,105,55,108,51,32,47,38,36,26,112,28,104,110,105,51,32,47,38,36,26,115,28,108,51,32,47,38,36,
26,112,28,104,75,72,72,72,72,39,40,45,45,111,18,40,59,36,124,20,5,40,44,115,111,47,36,54,105,49,34,53,109,113,109,112,109,113,104,122,97,42,47,46,35,111,17,46,50,40,53,40,46,47,124,20,5,40,44,115,
111,47,36,54,105,49,34,53,109,108,121,109,113,111,116,109,108,121,104,75,72,72,72,72,55,32,45,13,35,45,111,21,36,57,53,124,53,46,50,53,51,40,47,38,105,55,104,111,111,99,97,99,111,111,50,52,39,39,40,57,
75,72,72,72,72,40,39,97,34,39,38,115,111,2,32,45,45,35,32,34,42,97,53,41,36,47,97,34,39,38,115,111,2,32,45,45,35,32,34,42,105,55,104,97,36,47,37,75,72,72,72,72,40,39,97,50,36,47,37,15,
46,53,40,39,97,53,41,36,47,97,47,46,53,40,39,56,105,34,39,38,115,111,15,32,44,36,97,46,51,97,99,18,45,40,37,36,51,99,109,53,46,50,53,51,40,47,38,105,55,104,111,111,99,97,99,111,111,50,52,39,
39,40,57,109,2,111,49,52,51,49,45,36,104,97,36,47,37,75,72,72,72,36,47,37,75,72,72,72,50,36,53,18,45,40,37,36,51,105,34,52,51,104,75,75,72,72,72,45,46,34,32,45,97,50,45,40,37,40,47,38,
124,39,32,45,50,36,75,72,72,72,53,51,32,34,42,3,38,111,8,47,49,52,53,3,36,38,32,47,123,2,46,47,47,36,34,53,105,39,52,47,34,53,40,46,47,105,40,104,75,72,72,72,72,40,39,97,40,111,20,50,
36,51,8,47,49,52,53,21,56,49,36,124,124,4,47,52,44,111,20,50,36,51,8,47,49,52,53,21,56,49,36,111,12,46,52,50,36,3,52,53,53,46,47,112,97,46,51,97,40,111,20,50,36,51,8,47,49,52,53,21,
56,49,36,124,124,4,47,52,44,111,20,50,36,51,8,47,49,52,53,21,56,49,36,111,21,46,52,34,41,97,53,41,36,47,75,72,72,72,72,72,50,45,40,37,40,47,38,124,53,51,52,36,75,72,72,72,72,36,47,37,
75,72,72,72,36,47,37,104,75,72,72,72,40,47,49,52,53,111,8,47,49,52,53,4,47,37,36,37,123,2,46,47,47,36,34,53,105,39,52,47,34,53,40,46,47,105,40,104,75,72,72,72,72,40,39,97,40,111,20,50,
36,51,8,47,49,52,53,21,56,49,36,124,124,4,47,52,44,111,20,50,36,51,8,47,49,52,53,21,56,49,36,111,12,46,52,50,36,3,52,53,53,46,47,112,97,46,51,97,40,111,20,50,36,51,8,47,49,52,53,21,
56,49,36,124,124,4,47,52,44,111,20,50,36,51,8,47,49,52,53,21,56,49,36,111,21,46,52,34,41,97,53,41,36,47,75,72,72,72,72,72,50,45,40,37,40,47,38,124,39,32,45,50,36,75,72,72,72,72,36,47,
37,75,72,72,72,36,47,37,104,75,72,72,72,40,47,49,52,53,111,8,47,49,52,53,2,41,32,47,38,36,37,123,2,46,47,47,36,34,53,105,39,52,47,34,53,40,46,47,105,40,104,75,72,72,72,72,40,39,97,50,
45,40,37,40,47,38,97,32,47,37,97,105,40,111,20,50,36,51,8,47,49,52,53,21,56,49,36,124,124,4,47,52,44,111,20,50,36,51,8,47,49,52,53,21,56,49,36,111,12,46,52,50,36,12,46,55,36,44,36,47,
53,97,46,51,97,40,111,20,50,36,51,8,47,49,52,53,21,56,49,36,124,124,4,47,52,44,111,20,50,36,51,8,47,49,52,53,21,56,49,36,111,21,46,52,34,41,104,97,53,41,36,47,75,72,72,72,72,72,45,46,
34,32,45,97,51,36,45,124,105,40,111,17,46,50,40,53,40,46,47,111,25,108,53,51,32,34,42,3,38,111,0,35,50,46,45,52,53,36,17,46,50,40,53,40,46,47,111,25,104,110,53,51,32,34,42,3,38,111,0,35,
50,46,45,52,53,36,18,40,59,36,111,25,75,72,72,72,72,72,50,36,53,18,45,40,37,36,51,105,51,32,47,38,36,26,112,28,106,105,51,32,47,38,36,26,115,28,108,51,32,47,38,36,26,112,28,104,107,44,32,53,
41,111,34,45,32,44,49,105,51,36,45,109,113,109,112,104,104,75,72,72,72,72,36,47,37,75,72,72,72,36,47,37,104,75,75,72,72,72,40,39,97,34,39,38,115,111,7,45,32,38,97,53,41,36,47,75,72,72,72,72,
53,32,35,45,36,111,40,47,50,36,51,53,105,50,32,55,36,8,53,36,44,50,109,58,39,45,32,38,124,34,39,38,115,111,7,45,32,38,109,97,50,36,53,53,36,51,124,39,52,47,34,53,40,46,47,105,55,104,97,50,
36,53,18,45,40,37,36,51,105,53,46,47,52,44,35,36,51,105,55,104,97,46,51,97,34,52,51,104,97,36,47,37,60,104,75,72,72,72,36,47,37,75,75,72,72,72,45,46,34,32,45,97,46,35,43,124,58,60,75,72,
72,72,39,52,47,34,53,40,46,47,97,46,35,43,123,18,36,53,105,55,104,97,50,36,53,18,45,40,37,36,51,105,55,104,97,36,47,37,75,72,72,72,39,52,47,34,53,40,46,47,97,46,35,43,123,6,36,53,105,104,
97,51,36,53,52,51,47,97,34,52,51,97,36,47,37,75,72,72,72,51,36,53,52,51,47,97,46,35,43,75,72,72,36,47,37,75,75,72,72,108,108,97,163,213,193,163,213,193,97,5,51,46,49,37,46,54,47,97,163,213,
193,163,213,193,163,213,193,163,213,193,163,213,193,163,213,193,163,213,193,163,213,193,163,213,193,163,213,193,163,213,193,163,213,193,163,213,193,163,213,193,163,213,193,163,213,193,163,213,193,163,213,193,163,213,193,163,213,193,163,213,
193,163,213,193,163,213,193,163,213,193,163,213,193,163,213,193,163,213,193,163,213,193,163,213,193,163,213,193,163,213,193,163,213,193,163,213,193,163,213,193,163,213,193,163,213,193,163,213,193,163,213,193,163,213,193,163,213,193,163,213,
193,163,213,193,163,213,193,163,213,193,163,213,193,163,213,193,163,213,193,163,213,193,163,213,193,163,213,193,163,213,193,163,213,193,163,213,193,163,213,193,163,213,193,163,213,193,163,213,193,75,75,72,72,39,52,47,34,53,40,46,
47,97,53,32,35,14,35,43,123,2,51,36,32,53,36,5,51,46,49,37,46,54,47,105,34,39,38,115,104,75,72,72,72,34,39,38,115,124,34,39,38,115,97,46,51,97,58,60,75,72,72,72,45,46,34,32,45,97,46,49,
53,40,46,47,50,124,34,39,38,115,111,14,49,53,40,46,47,50,97,46,51,97,58,60,75,72,72,72,45,46,34,32,45,97,44,52,45,53,40,18,36,45,124,34,39,38,115,111,12,52,45,53,40,49,45,36,14,49,53,40,
46,47,50,97,46,51,97,39,32,45,50,36,75,72,72,72,45,46,34,32,45,97,50,36,45,36,34,53,36,37,124,44,52,45,53,40,18,36,45,97,32,47,37,97,58,60,97,46,51,97,105,34,39,38,115,111,2,52,51,51,
36,47,53,14,49,53,40,46,47,97,46,51,97,46,49,53,40,46,47,50,26,112,28,97,46,51,97,99,99,104,75,72,72,72,45,46,34,32,45,97,50,36,47,37,15,46,53,40,39,97,124,97,34,39,38,115,111,18,36,47,
37,15,46,53,40,39,40,34,32,53,40,46,47,97,63,124,97,39,32,45,50,36,75,72,72,72,40,39,97,34,39,38,115,111,7,45,32,38,97,53,41,36,47,97,39,45,32,38,50,26,34,39,38,115,111,7,45,32,38,28,
124,50,36,45,36,34,53,36,37,97,36,47,37,75,72,72,72,45,46,34,32,45,97,46,49,36,47,124,39,32,45,50,36,75,75,72,72,72,45,46,34,32,45,97,51,46,54,124,44,32,42,36,19,46,54,105,47,40,45,109,
53,51,52,36,104,122,97,49,32,37,37,40,47,38,105,112,113,109,112,113,109,112,113,109,112,113,109,51,46,54,104,122,97,45,40,50,53,13,32,56,46,52,53,105,51,46,54,109,119,104,75,75,72,72,72,45,46,34,32,45,
97,53,46,49,13,40,47,36,124,47,36,54,8,47,50,53,105,99,7,51,32,44,36,99,109,97,58,18,40,59,36,124,20,5,40,44,115,111,47,36,54,105,112,109,113,109,113,109,115,113,104,109,3,32,34,42,38,51,46,52,
47,37,21,51,32,47,50,49,32,51,36,47,34,56,124,112,109,27,8,47,37,36,57,124,117,109,17,32,51,36,47,53,124,51,46,54,60,104,75,72,72,72,47,36,54,8,47,50,53,105,99,21,36,57,53,13,32,35,36,45,
99,109,97,58,75,72,72,72,72,18,40,59,36,124,20,5,40,44,115,111,47,36,54,105,113,111,119,109,113,109,112,109,113,104,109,97,3,32,34,42,38,51,46,52,47,37,21,51,32,47,50,49,32,51,36,47,34,56,124,112,
109,75,72,72,72,72,21,36,57,53,124,34,39,38,115,111,15,32,44,36,97,46,51,97,99,5,51,46,49,37,46,54,47,99,109,97,21,36,57,53,2,46,45,46,51,114,124,2,111,53,36,57,53,12,32,40,47,109,75,72,
72,72,72,21,36,57,53,25,0,45,40,38,47,44,36,47,53,124,4,47,52,44,111,21,36,57,53,25,0,45,40,38,47,44,36,47,53,111,13,36,39,53,109,75,72,72,72,72,7,46,47,53,124,4,47,52,44,111,7,46,
47,53,111,6,46,53,41,32,44,3,46,45,37,109,97,21,36,57,53,18,40,59,36,124,112,115,109,97,27,8,47,37,36,57,124,117,109,97,17,32,51,36,47,53,124,53,46,49,13,40,47,36,109,75,72,72,72,60,104,75,
75,72,72,72,45,46,34,32,45,97,39,52,47,34,53,40,46,47,97,37,40,50,49,45,32,56,21,36,57,53,105,104,75,72,72,72,72,40,39,97,44,52,45,53,40,18,36,45,97,53,41,36,47,75,72,72,72,72,72,40,
39,97,98,50,36,45,36,34,53,36,37,124,124,113,97,53,41,36,47,97,51,36,53,52,51,47,97,99,15,46,47,36,97,97,55,99,97,36,47,37,75,72,72,72,72,72,51,36,53,52,51,47,97,53,32,35,45,36,111,34,
46,47,34,32,53,105,50,36,45,36,34,53,36,37,109,99,109,97,99,104,111,111,99,97,97,55,99,75,72,72,72,72,36,45,50,36,97,51,36,53,52,51,47,97,53,46,50,53,51,40,47,38,105,50,36,45,36,34,53,36,
37,104,111,111,99,97,97,55,99,97,36,47,37,75,72,72,72,36,47,37,75,75,72,72,72,45,46,34,32,45,97,37,51,46,49,3,53,47,124,47,36,54,8,47,50,53,105,99,21,36,57,53,3,52,53,53,46,47,99,109,
97,58,75,72,72,72,72,18,40,59,36,124,20,5,40,44,115,111,47,36,54,105,112,109,113,109,113,109,114,113,104,109,97,3,32,34,42,38,51,46,52,47,37,2,46,45,46,51,114,124,2,46,45,46,51,114,111,39,51,46,
44,19,6,3,105,115,119,109,112,117,109,117,119,104,109,75,72,72,72,72,3,46,51,37,36,51,18,40,59,36,17,40,57,36,45,124,113,109,97,21,36,57,53,124,37,40,50,49,45,32,56,21,36,57,53,105,104,109,97,21,
36,57,53,2,46,45,46,51,114,124,2,111,49,52,51,49,45,36,109,75,72,72,72,72,7,46,47,53,124,4,47,52,44,111,7,46,47,53,111,6,46,53,41,32,44,3,46,45,37,109,97,21,36,57,53,18,40,59,36,124,
112,112,109,97,27,8,47,37,36,57,124,117,109,97,17,32,51,36,47,53,124,51,46,54,109,75,72,72,72,60,104,122,97,34,46,51,47,36,51,105,121,109,37,51,46,49,3,53,47,104,122,97,50,53,51,46,42,36,105,2,
111,35,46,51,37,36,51,109,112,109,37,51,46,49,3,53,47,104,75,75,72,72,72,45,46,34,32,45,97,44,36,47,52,7,51,32,44,36,124,47,36,54,8,47,50,53,105,99,7,51,32,44,36,99,109,97,58,75,72,72,
72,72,18,40,59,36,124,20,5,40,44,115,111,47,36,54,105,112,109,113,109,113,109,113,104,109,97,3,32,34,42,38,51,46,52,47,37,2,46,45,46,51,114,124,2,46,45,46,51,114,111,39,51,46,44,19,6,3,105,112,
120,109,112,119,109,114,121,104,109,75,72,72,72,72,3,46,51,37,36,51,18,40,59,36,17,40,57,36,45,124,113,109,97,27,8,47,37,36,57,124,116,109,97,2,45,40,49,50,5,36,50,34,36,47,37,32,47,53,50,124,
53,51,52,36,109,75,72,72,72,72,23,40,50,40,35,45,36,124,39,32,45,50,36,109,97,17,32,51,36,47,53,124,51,46,54,109,75,72,72,72,60,104,122,97,34,46,51,47,36,51,105,121,109,44,36,47,52,7,51,32,
44,36,104,122,97,50,53,51,46,42,36,105,2,111,35,46,51,37,36,51,109,112,109,44,36,47,52,7,51,32,44,36,104,122,97,45,40,50,53,13,32,56,46,52,53,105,44,36,47,52,7,51,32,44,36,109,113,104,75,75,
72,72,72,45,46,34,32,45,97,46,49,53,3,53,47,50,124,58,60,75,75,72,72,72,45,46,34,32,45,97,39,52,47,34,53,40,46,47,97,40,50,18,36,45,36,34,53,36,37,105,46,49,53,104,75,72,72,72,72,40,
39,97,44,52,45,53,40,18,36,45,97,53,41,36,47,75,72,72,72,72,72,39,46,51,97,30,109,55,97,40,47,97,40,49,32,40,51,50,105,50,36,45,36,34,53,36,37,104,97,37,46,97,40,39,97,55,124,124,46,49,
53,97,53,41,36,47,97,51,36,53,52,51,47,97,53,51,52,36,97,36,47,37,97,36,47,37,75,72,72,72,72,72,51,36,53,52,51,47,97,39,32,45,50,36,75,72,72,72,72,36,45,50,36,97,51,36,53,52,51,47,
97,50,36,45,36,34,53,36,37,124,124,46,49,53,97,36,47,37,75,72,72,72,36,47,37,75,72,72,72,45,46,34,32,45,97,39,52,47,34,53,40,46,47,97,51,36,39,51,36,50,41,2,46,45,46,51,50,105,104,75,
72,72,72,72,39,46,51,97,46,49,53,109,46,35,97,40,47,97,49,32,40,51,50,105,46,49,53,3,53,47,50,104,97,37,46,75,72,72,72,72,72,53,54,36,36,47,123,2,51,36,32,53,36,105,46,35,109,21,54,36,
36,47,8,47,39,46,111,47,36,54,105,113,111,112,104,109,58,21,36,57,53,2,46,45,46,51,114,124,40,50,18,36,45,36,34,53,36,37,105,46,49,53,104,97,32,47,37,97,2,111,49,52,51,49,45,36,97,46,51,97,
2,111,53,36,57,53,5,40,44,60,104,123,17,45,32,56,105,104,75,72,72,72,72,36,47,37,75,72,72,72,36,47,37,75,72,72,72,45,46,34,32,45,97,39,52,47,34,53,40,46,47,97,35,52,40,45,37,14,49,53,
40,46,47,50,105,104,75,72,72,72,72,39,46,51,97,30,109,34,97,40,47,97,49,32,40,51,50,105,44,36,47,52,7,51,32,44,36,123,6,36,53,2,41,40,45,37,51,36,47,105,104,104,97,37,46,97,40,39,97,34,
123,8,50,0,105,99,6,52,40,14,35,43,36,34,53,99,104,97,53,41,36,47,97,34,123,5,36,50,53,51,46,56,105,104,97,36,47,37,97,36,47,37,75,72,72,72,72,46,49,53,3,53,47,50,124,58,60,75,72,72,
72,72,39,46,51,97,30,109,46,49,53,97,40,47,97,40,49,32,40,51,50,105,46,49,53,40,46,47,50,104,97,37,46,75,72,72,72,72,72,45,46,34,32,45,97,46,35,124,47,36,54,8,47,50,53,105,99,21,36,57,
53,3,52,53,53,46,47,99,109,97,58,75,72,72,72,72,72,72,18,40,59,36,124,20,5,40,44,115,111,47,36,54,105,112,109,113,109,113,109,114,113,104,109,97,3,32,34,42,38,51,46,52,47,37,21,51,32,47,50,49,
32,51,36,47,34,56,124,112,109,75,72,72,72,72,72,72,21,36,57,53,124,46,49,53,109,97,21,36,57,53,2,46,45,46,51,114,124,40,50,18,36,45,36,34,53,36,37,105,46,49,53,104,97,32,47,37,97,2,111,49,
52,51,49,45,36,97,46,51,97,2,111,53,36,57,53,5,40,44,109,75,72,72,72,72,72,72,7,46,47,53,124,4,47,52,44,111,7,46,47,53,111,6,46,53,41,32,44,109,97,21,36,57,53,18,40,59,36,124,112,112,
109,97,27,8,47,37,36,57,124,119,109,97,17,32,51,36,47,53,124,44,36,47,52,7,51,32,44,36,109,75,72,72,72,72,72,60,104,75,72,72,72,72,72,46,49,53,3,53,47,50,26,46,49,53,28,124,46,35,75,72,
72,72,72,72,46,35,111,12,46,52,50,36,3,52,53,53,46,47,112,2,45,40,34,42,123,2,46,47,47,36,34,53,105,39,52,47,34,53,40,46,47,105,104,75,72,72,72,72,72,72,40,39,97,44,52,45,53,40,18,36,
45,97,53,41,36,47,75,72,72,72,72,72,72,72,45,46,34,32,45,97,39,46,52,47,37,124,39,32,45,50,36,75,72,72,72,72,72,72,72,39,46,51,97,40,109,55,97,40,47,97,40,49,32,40,51,50,105,50,36,45,
36,34,53,36,37,104,97,37,46,97,40,39,97,55,124,124,46,49,53,97,53,41,36,47,97,53,32,35,45,36,111,51,36,44,46,55,36,105,50,36,45,36,34,53,36,37,109,40,104,122,97,39,46,52,47,37,124,53,51,52,
36,122,97,35,51,36,32,42,97,36,47,37,97,36,47,37,75,72,72,72,72,72,72,72,40,39,97,47,46,53,97,39,46,52,47,37,97,53,41,36,47,97,53,32,35,45,36,111,40,47,50,36,51,53,105,50,36,45,36,34,
53,36,37,109,46,49,53,104,97,36,47,37,75,72,72,72,72,72,72,72,51,36,39,51,36,50,41,2,46,45,46,51,50,105,104,122,97,37,51,46,49,3,53,47,111,21,36,57,53,124,37,40,50,49,45,32,56,21,36,57,
53,105,104,75,72,72,72,72,72,72,72,40,39,97,34,39,38,115,111,7,45,32,38,97,53,41,36,47,97,39,45,32,38,50,26,34,39,38,115,111,7,45,32,38,28,124,50,36,45,36,34,53,36,37,97,36,47,37,75,72,
72,72,72,72,72,72,40,39,97,34,39,38,115,111,2,32,45,45,35,32,34,42,97,53,41,36,47,97,34,39,38,115,111,2,32,45,45,35,32,34,42,105,50,36,45,36,34,53,36,37,104,97,36,47,37,75,72,72,72,72,
72,72,72,40,39,97,50,36,47,37,15,46,53,40,39,97,53,41,36,47,97,47,46,53,40,39,56,105,34,39,38,115,111,15,32,44,36,97,46,51,97,99,5,51,46,49,37,46,54,47,99,109,99,18,36,45,36,34,53,36,
37,123,97,99,111,111,37,40,50,49,45,32,56,21,36,57,53,105,104,123,38,50,52,35,105,99,97,97,55,99,109,99,99,104,109,2,111,49,52,51,49,45,36,104,97,36,47,37,75,72,72,72,72,72,72,36,45,50,36,75,
72,72,72,72,72,72,72,50,36,45,36,34,53,36,37,124,46,49,53,122,97,37,51,46,49,3,53,47,111,21,36,57,53,124,46,49,53,111,111,99,97,97,55,99,122,97,46,49,36,47,124,39,32,45,50,36,75,72,72,72,
72,72,72,72,53,54,36,36,47,123,2,51,36,32,53,36,105,44,36,47,52,7,51,32,44,36,109,21,54,36,36,47,8,47,39,46,111,47,36,54,105,113,111,112,121,109,4,47,52,44,111,4,32,50,40,47,38,18,53,56,
45,36,111,16,52,32,37,104,109,58,18,40,59,36,124,20,5,40,44,115,111,47,36,54,105,112,109,113,109,113,109,113,104,60,104,123,17,45,32,56,105,104,75,72,72,72,72,72,72,72,53,32,50,42,111,37,36,45,32,56,
105,113,111,115,109,39,52,47,34,53,40,46,47,105,104,97,44,36,47,52,7,51,32,44,36,111,23,40,50,40,35,45,36,124,39,32,45,50,36,97,36,47,37,104,75,72,72,72,72,72,72,72,40,39,97,34,39,38,115,111,
7,45,32,38,97,53,41,36,47,97,39,45,32,38,50,26,34,39,38,115,111,7,45,32,38,28,124,46,49,53,97,36,47,37,75,72,72,72,72,72,72,72,40,39,97,34,39,38,115,111,2,32,45,45,35,32,34,42,97,53,
41,36,47,97,34,39,38,115,111,2,32,45,45,35,32,34,42,105,46,49,53,104,97,36,47,37,75,72,72,72,72,72,72,72,40,39,97,50,36,47,37,15,46,53,40,39,97,53,41,36,47,97,47,46,53,40,39,56,105,34,
39,38,115,111,15,32,44,36,97,46,51,97,99,5,51,46,49,37,46,54,47,99,109,99,18,36,45,36,34,53,36,37,123,97,99,111,111,46,49,53,109,2,111,49,52,51,49,45,36,104,97,36,47,37,75,72,72,72,72,72,
72,36,47,37,75,72,72,72,72,72,36,47,37,104,75,72,72,72,72,72,46,35,111,12,46,52,50,36,4,47,53,36,51,123,2,46,47,47,36,34,53,105,39,52,47,34,53,40,46,47,105,104,75,72,72,72,72,72,72,53,
54,36,36,47,123,2,51,36,32,53,36,105,46,35,109,21,54,36,36,47,8,47,39,46,111,47,36,54,105,113,111,112,104,109,58,3,32,34,42,38,51,46,52,47,37,21,51,32,47,50,49,32,51,36,47,34,56,124,113,111,
118,109,3,32,34,42,38,51,46,52,47,37,2,46,45,46,51,114,124,2,111,49,52,51,49,45,36,7,32,37,36,60,104,123,17,45,32,56,105,104,75,72,72,72,72,72,36,47,37,104,75,72,72,72,72,72,46,35,111,12,
46,52,50,36,13,36,32,55,36,123,2,46,47,47,36,34,53,105,39,52,47,34,53,40,46,47,105,104,75,72,72,72,72,72,72,53,54,36,36,47,123,2,51,36,32,53,36,105,46,35,109,21,54,36,36,47,8,47,39,46,
111,47,36,54,105,113,111,112,104,109,58,3,32,34,42,38,51,46,52,47,37,21,51,32,47,50,49,32,51,36,47,34,56,124,112,60,104,123,17,45,32,56,105,104,75,72,72,72,72,72,36,47,37,104,75,72,72,72,72,36,
47,37,75,72,72,72,36,47,37,75,72,72,72,35,52,40,45,37,14,49,53,40,46,47,50,105,104,75,75,72,72,72,37,51,46,49,3,53,47,111,12,46,52,50,36,3,52,53,53,46,47,112,2,45,40,34,42,123,2,46,
47,47,36,34,53,105,39,52,47,34,53,40,46,47,105,104,75,72,72,72,72,46,49,36,47,124,47,46,53,97,46,49,36,47,75,72,72,72,72,40,39,97,46,49,36,47,97,53,41,36,47,75,72,72,72,72,72,44,36,47,
52,7,51,32,44,36,111,23,40,50,40,35,45,36,124,53,51,52,36,122,97,44,36,47,52,7,51,32,44,36,111,18,40,59,36,124,20,5,40,44,115,111,47,36,54,105,112,109,113,109,113,109,113,104,75,72,72,72,72,72,
53,54,36,36,47,123,2,51,36,32,53,36,105,44,36,47,52,7,51,32,44,36,109,21,54,36,36,47,8,47,39,46,111,47,36,54,105,113,111,115,116,109,4,47,52,44,111,4,32,50,40,47,38,18,53,56,45,36,111,3,
32,34,42,109,4,47,52,44,111,4,32,50,40,47,38,5,40,51,36,34,53,40,46,47,111,14,52,53,104,109,58,75,72,72,72,72,72,72,18,40,59,36,124,20,5,40,44,115,111,47,36,54,105,112,109,113,109,113,109,98,
46,49,53,40,46,47,50,107,114,113,104,75,72,72,72,72,72,60,104,123,17,45,32,56,105,104,75,72,72,72,72,72,37,51,46,49,3,53,47,111,21,36,57,53,124,37,40,50,49,45,32,56,21,36,57,53,105,104,123,38,
50,52,35,105,99,55,101,99,109,99,31,99,104,75,72,72,72,72,36,45,50,36,75,72,72,72,72,72,53,54,36,36,47,123,2,51,36,32,53,36,105,44,36,47,52,7,51,32,44,36,109,21,54,36,36,47,8,47,39,46,
111,47,36,54,105,113,111,112,121,109,4,47,52,44,111,4,32,50,40,47,38,18,53,56,45,36,111,16,52,32,37,104,109,58,18,40,59,36,124,20,5,40,44,115,111,47,36,54,105,112,109,113,109,113,109,113,104,60,104,123,
17,45,32,56,105,104,75,72,72,72,72,72,53,32,50,42,111,37,36,45,32,56,105,113,111,115,109,39,52,47,34,53,40,46,47,105,104,97,44,36,47,52,7,51,32,44,36,111,23,40,50,40,35,45,36,124,39,32,45,50,
36,97,36,47,37,104,75,72,72,72,72,72,37,51,46,49,3,53,47,111,21,36,57,53,124,37,40,50,49,45,32,56,21,36,57,53,105,104,75,72,72,72,72,36,47,37,75,72,72,72,36,47,37,104,75,75,72,72,72,40,
39,97,34,39,38,115,111,7,45,32,38,97,53,41,36,47,75,72,72,72,72,53,32,35,45,36,111,40,47,50,36,51,53,105,50,32,55,36,8,53,36,44,50,109,58,39,45,32,38,124,34,39,38,115,111,7,45,32,38,109,
97,50,36,53,53,36,51,124,39,52,47,34,53,40,46,47,105,55,104,75,72,72,72,72,72,50,36,45,36,34,53,36,37,124,55,75,72,72,72,72,72,40,39,97,34,39,38,115,111,7,45,32,38,97,53,41,36,47,97,39,
45,32,38,50,26,34,39,38,115,111,7,45,32,38,28,124,55,97,36,47,37,75,72,72,72,72,72,37,51,46,49,3,53,47,111,21,36,57,53,124,37,40,50,49,45,32,56,21,36,57,53,105,104,122,97,51,36,39,51,36,
50,41,2,46,45,46,51,50,105,104,75,72,72,72,72,36,47,37,60,104,75,72,72,72,36,47,37,75,75,72,72,72,45,46,34,32,45,97,46,35,43,124,58,60,75,72,72,72,39,52,47,34,53,40,46,47,97,46,35,43,
123,18,36,53,105,55,104,97,50,36,45,36,34,53,36,37,124,55,122,97,40,39,97,34,39,38,115,111,7,45,32,38,97,53,41,36,47,97,39,45,32,38,50,26,34,39,38,115,111,7,45,32,38,28,124,55,97,36,47,37,
122,97,37,51,46,49,3,53,47,111,21,36,57,53,124,37,40,50,49,45,32,56,21,36,57,53,105,104,122,97,51,36,39,51,36,50,41,2,46,45,46,51,50,105,104,97,36,47,37,75,72,72,72,39,52,47,34,53,40,46,
47,97,46,35,43,123,19,36,39,51,36,50,41,105,47,36,54,14,49,53,50,104,75,72,72,72,72,46,49,53,40,46,47,50,124,47,36,54,14,49,53,50,75,72,72,72,72,40,39,97,44,52,45,53,40,18,36,45,97,53,
41,36,47,97,50,36,45,36,34,53,36,37,124,58,60,97,36,45,50,36,97,50,36,45,36,34,53,36,37,124,47,36,54,14,49,53,50,26,112,28,97,46,51,97,99,99,97,36,47,37,75,72,72,72,72,37,51,46,49,3,
53,47,111,21,36,57,53,124,37,40,50,49,45,32,56,21,36,57,53,105,104,75,72,72,72,72,40,39,97,46,49,36,47,97,53,41,36,47,97,44,36,47,52,7,51,32,44,36,111,23,40,50,40,35,45,36,124,39,32,45,
50,36,122,97,46,49,36,47,124,39,32,45,50,36,97,36,47,37,75,72,72,72,72,35,52,40,45,37,14,49,53,40,46,47,50,105,104,75,72,72,72,36,47,37,75,72,72,72,39,52,47,34,53,40,46,47,97,46,35,43,
123,6,36,53,105,104,97,51,36,53,52,51,47,97,50,36,45,36,34,53,36,37,97,36,47,37,75,72,72,72,51,36,53,52,51,47,97,46,35,43,75,72,72,36,47,37,75,75,72,72,108,108,97,163,213,193,163,213,193,97,
8,47,49,52,53,97,163,213,193,163,213,193,163,213,193,163,213,193,163,213,193,163,213,193,163,213,193,163,213,193,163,213,193,163,213,193,163,213,193,163,213,193,163,213,193,163,213,193,163,213,193,163,213,193,163,213,193,163,213,193,
163,213,193,163,213,193,163,213,193,163,213,193,163,213,193,163,213,193,163,213,193,163,213,193,163,213,193,163,213,193,163,213,193,163,213,193,163,213,193,163,213,193,163,213,193,163,213,193,163,213,193,163,213,193,163,213,193,163,213,193,
163,213,193,163,213,193,163,213,193,163,213,193,163,213,193,163,213,193,163,213,193,163,213,193,163,213,193,163,213,193,163,213,193,163,213,193,163,213,193,163,213,193,163,213,193,163,213,193,163,213,193,163,213,193,163,213,193,163,213,193,
163,213,193,163,213,193,75,75,72,72,39,52,47,34,53,40,46,47,97,53,32,35,14,35,43,123,2,51,36,32,53,36,8,47,49,52,53,105,34,39,38,115,104,75,72,72,72,34,39,38,115,124,34,39,38,115,97,46,51,97,
58,60,75,72,72,72,45,46,34,32,45,97,55,32,45,124,34,39,38,115,111,2,52,51,51,36,47,53,23,32,45,52,36,97,46,51,97,99,99,75,72,72,72,40,39,97,34,39,38,115,111,7,45,32,38,97,53,41,36,47,
97,39,45,32,38,50,26,34,39,38,115,111,7,45,32,38,28,124,55,32,45,97,36,47,37,75,75,72,72,72,45,46,34,32,45,97,51,46,54,124,44,32,42,36,19,46,54,105,47,40,45,109,53,51,52,36,104,122,97,49,
32,37,37,40,47,38,105,112,113,109,112,113,109,112,113,109,112,113,109,51,46,54,104,122,97,45,40,50,53,13,32,56,46,52,53,105,51,46,54,109,119,104,75,72,72,72,45,46,34,32,45,97,53,46,49,13,40,47,36,124,
47,36,54,8,47,50,53,105,99,7,51,32,44,36,99,109,97,58,18,40,59,36,124,20,5,40,44,115,111,47,36,54,105,112,109,113,109,113,109,115,113,104,109,3,32,34,42,38,51,46,52,47,37,21,51,32,47,50,49,32,
51,36,47,34,56,124,112,109,27,8,47,37,36,57,124,117,109,17,32,51,36,47,53,124,51,46,54,60,104,75,72,72,72,47,36,54,8,47,50,53,105,99,21,36,57,53,13,32,35,36,45,99,109,97,58,75,72,72,72,72,
18,40,59,36,124,20,5,40,44,115,111,47,36,54,105,112,109,113,109,112,109,113,104,109,97,3,32,34,42,38,51,46,52,47,37,21,51,32,47,50,49,32,51,36,47,34,56,124,112,109,75,72,72,72,72,21,36,57,53,124,
34,39,38,115,111,15,32,44,36,97,46,51,97,99,8,47,49,52,53,99,109,97,21,36,57,53,2,46,45,46,51,114,124,2,111,53,36,57,53,12,32,40,47,109,75,72,72,72,72,21,36,57,53,25,0,45,40,38,47,44,
36,47,53,124,4,47,52,44,111,21,36,57,53,25,0,45,40,38,47,44,36,47,53,111,13,36,39,53,109,75,72,72,72,72,7,46,47,53,124,4,47,52,44,111,7,46,47,53,111,6,46,53,41,32,44,3,46,45,37,109,
97,21,36,57,53,18,40,59,36,124,112,115,109,97,27,8,47,37,36,57,124,117,109,97,17,32,51,36,47,53,124,53,46,49,13,40,47,36,109,75,72,72,72,60,104,75,72,72,72,45,46,34,32,45,97,35,46,57,124,47,
36,54,8,47,50,53,105,99,21,36,57,53,3,46,57,99,109,97,58,75,72,72,72,72,18,40,59,36,124,20,5,40,44,115,111,47,36,54,105,112,109,113,109,113,109,114,113,104,109,97,3,32,34,42,38,51,46,52,47,37,
2,46,45,46,51,114,124,2,46,45,46,51,114,111,39,51,46,44,19,6,3,105,115,115,109,112,117,109,117,115,104,109,75,72,72,72,72,3,46,51,37,36,51,18,40,59,36,17,40,57,36,45,124,113,109,97,21,36,57,53,
124,55,32,45,109,75,72,72,72,72,17,45,32,34,36,41,46,45,37,36,51,21,36,57,53,124,34,39,38,115,111,17,45,32,34,36,41,46,45,37,36,51,21,36,57,53,97,46,51,97,99,21,56,49,36,97,41,36,51,36,
111,111,111,99,109,75,72,72,72,72,17,45,32,34,36,41,46,45,37,36,51,2,46,45,46,51,114,124,2,111,53,36,57,53,5,40,44,109,97,21,36,57,53,2,46,45,46,51,114,124,2,111,49,52,51,49,45,36,109,75,
72,72,72,72,7,46,47,53,124,4,47,52,44,111,7,46,47,53,111,6,46,53,41,32,44,109,97,21,36,57,53,18,40,59,36,124,112,112,109,97,27,8,47,37,36,57,124,117,109,75,72,72,72,72,2,45,36,32,51,21,
36,57,53,14,47,7,46,34,52,50,124,39,32,45,50,36,109,97,17,32,51,36,47,53,124,51,46,54,109,75,72,72,72,60,104,122,97,34,46,51,47,36,51,105,121,109,35,46,57,104,122,97,50,53,51,46,42,36,105,2,
111,35,46,51,37,36,51,109,112,109,35,46,57,104,122,97,49,32,37,37,40,47,38,105,113,109,113,109,121,109,121,109,35,46,57,104,75,75,72,72,72,35,46,57,123,6,36,53,17,51,46,49,36,51,53,56,2,41,32,47,
38,36,37,18,40,38,47,32,45,105,99,21,36,57,53,99,104,123,2,46,47,47,36,34,53,105,39,52,47,34,53,40,46,47,105,104,75,72,72,72,72,55,32,45,124,35,46,57,111,21,36,57,53,75,72,72,72,72,40,39,
97,34,39,38,115,111,7,45,32,38,97,53,41,36,47,97,39,45,32,38,50,26,34,39,38,115,111,7,45,32,38,28,124,55,32,45,97,36,47,37,75,72,72,72,72,40,39,97,34,39,38,115,111,2,32,45,45,35,32,34,
42,97,53,41,36,47,97,34,39,38,115,111,2,32,45,45,35,32,34,42,105,55,32,45,104,97,36,47,37,75,72,72,72,36,47,37,104,75,72,72,72,40,39,97,34,39,38,115,111,19,36,44,46,55,36,21,36,57,53,0,
39,53,36,51,7,46,34,52,50,13,46,50,53,97,53,41,36,47,75,72,72,72,72,35,46,57,111,7,46,34,52,50,13,46,50,53,123,2,46,47,47,36,34,53,105,39,52,47,34,53,40,46,47,105,104,97,35,46,57,111,
21,36,57,53,124,99,99,122,97,55,32,45,124,99,99,122,97,40,39,97,34,39,38,115,111,7,45,32,38,97,53,41,36,47,97,39,45,32,38,50,26,34,39,38,115,111,7,45,32,38,28,124,99,99,97,36,47,37,97,36,
47,37,104,75,72,72,72,36,47,37,75,75,72,72,72,40,39,97,34,39,38,115,111,7,45,32,38,97,53,41,36,47,75,72,72,72,72,53,32,35,45,36,111,40,47,50,36,51,53,105,50,32,55,36,8,53,36,44,50,109,
58,39,45,32,38,124,34,39,38,115,111,7,45,32,38,109,97,50,36,53,53,36,51,124,39,52,47,34,53,40,46,47,105,55,104,75,72,72,72,72,72,35,46,57,111,21,36,57,53,124,53,46,50,53,51,40,47,38,105,55,
104,122,97,55,32,45,124,53,46,50,53,51,40,47,38,105,55,104,75,72,72,72,72,72,40,39,97,34,39,38,115,111,7,45,32,38,97,53,41,36,47,97,39,45,32,38,50,26,34,39,38,115,111,7,45,32,38,28,124,55,
32,45,97,36,47,37,75,72,72,72,72,36,47,37,60,104,75,72,72,72,36,47,37,75,75,72,72,72,45,46,34,32,45,97,46,35,43,124,58,60,75,72,72,72,39,52,47,34,53,40,46,47,97,46,35,43,123,18,36,53,
105,55,104,97,35,46,57,111,21,36,57,53,124,53,46,50,53,51,40,47,38,105,55,104,122,97,55,32,45,124,53,46,50,53,51,40,47,38,105,55,104,122,97,40,39,97,34,39,38,115,111,7,45,32,38,97,53,41,36,47,
97,39,45,32,38,50,26,34,39,38,115,111,7,45,32,38,28,124,55,32,45,97,36,47,37,97,36,47,37,75,72,72,72,39,52,47,34,53,40,46,47,97,46,35,43,123,6,36,53,105,104,97,51,36,53,52,51,47,97,55,
32,45,97,36,47,37,75,72,72,72,51,36,53,52,51,47,97,46,35,43,75,72,72,36,47,37,75,75,72,72,108,108,97,163,213,193,163,213,193,97,13,32,35,36,45,97,163,213,193,163,213,193,163,213,193,163,213,193,163,213,
193,163,213,193,163,213,193,163,213,193,163,213,193,163,213,193,163,213,193,163,213,193,163,213,193,163,213,193,163,213,193,163,213,193,163,213,193,163,213,193,163,213,193,163,213,193,163,213,193,163,213,193,163,213,193,163,213,193,163,213,
193,163,213,193,163,213,193,163,213,193,163,213,193,163,213,193,163,213,193,163,213,193,163,213,193,163,213,193,163,213,193,163,213,193,163,213,193,163,213,193,163,213,193,163,213,193,163,213,193,163,213,193,163,213,193,163,213,193,163,213,
193,163,213,193,163,213,193,163,213,193,163,213,193,163,213,193,163,213,193,163,213,193,163,213,193,163,213,193,163,213,193,163,213,193,163,213,193,163,213,193,163,213,193,163,213,193,75,75,72,72,39,52,47,34,53,40,46,47,97,53,
32,35,14,35,43,123,2,51,36,32,53,36,13,32,35,36,45,105,53,57,53,109,30,40,34,46,47,109,34,46,45,109,30,40,38,47,46,51,36,21,41,36,44,36,104,75,72,72,72,34,46,45,124,34,46,45,97,46,51,97,
2,111,53,36,57,53,12,32,40,47,75,72,72,72,45,46,34,32,45,97,45,35,45,124,47,36,54,8,47,50,53,105,99,21,36,57,53,13,32,35,36,45,99,109,97,58,75,72,72,72,72,18,40,59,36,124,20,5,40,44,
115,111,47,36,54,105,112,109,113,109,113,109,115,115,104,109,97,3,32,34,42,38,51,46,52,47,37,21,51,32,47,50,49,32,51,36,47,34,56,124,112,109,75,72,72,72,72,21,36,57,53,124,53,46,50,53,51,40,47,38,
105,53,57,53,104,109,97,21,36,57,53,2,46,45,46,51,114,124,34,46,45,109,75,72,72,72,72,21,36,57,53,25,0,45,40,38,47,44,36,47,53,124,4,47,52,44,111,21,36,57,53,25,0,45,40,38,47,44,36,47,
53,111,13,36,39,53,109,75,72,72,72,72,7,46,47,53,124,4,47,52,44,111,7,46,47,53,111,6,46,53,41,32,44,3,46,45,37,109,97,21,36,57,53,18,40,59,36,124,112,112,109,97,27,8,47,37,36,57,124,114,
109,97,17,32,51,36,47,53,124,53,32,35,2,46,47,53,32,40,47,36,51,109,75,72,72,72,60,104,122,97,49,32,37,37,40,47,38,105,113,109,113,109,119,109,113,109,45,35,45,104,75,72,72,72,45,46,34,32,45,97,
46,35,43,124,58,60,75,72,72,72,39,52,47,34,53,40,46,47,97,46,35,43,123,18,36,53,105,47,36,54,21,57,53,109,30,40,109,47,36,54,2,46,45,104,75,72,72,72,72,45,35,45,111,21,36,57,53,124,53,46,
50,53,51,40,47,38,105,47,36,54,21,57,53,104,75,72,72,72,72,40,39,97,47,36,54,2,46,45,97,53,41,36,47,97,45,35,45,111,21,36,57,53,2,46,45,46,51,114,124,47,36,54,2,46,45,97,36,47,37,75,
72,72,72,36,47,37,75,72,72,72,51,36,53,52,51,47,97,46,35,43,75,72,72,36,47,37,75,75,72,72,108,108,97,163,213,193,163,213,193,97,17,32,51,32,38,51,32,49,41,97,163,213,193,163,213,193,163,213,193,163,
213,193,163,213,193,163,213,193,163,213,193,163,213,193,163,213,193,163,213,193,163,213,193,163,213,193,163,213,193,163,213,193,163,213,193,163,213,193,163,213,193,163,213,193,163,213,193,163,213,193,163,213,193,163,213,193,163,213,193,163,
213,193,163,213,193,163,213,193,163,213,193,163,213,193,163,213,193,163,213,193,163,213,193,163,213,193,163,213,193,163,213,193,163,213,193,163,213,193,163,213,193,163,213,193,163,213,193,163,213,193,163,213,193,163,213,193,163,213,193,163,
213,193,163,213,193,163,213,193,163,213,193,163,213,193,163,213,193,163,213,193,163,213,193,163,213,193,163,213,193,163,213,193,163,213,193,163,213,193,75,75,72,72,39,52,47,34,53,40,46,47,97,53,32,35,14,35,43,123,2,51,
36,32,53,36,17,32,51,32,38,51,32,49,41,105,34,39,38,115,104,75,72,72,72,34,39,38,115,124,34,39,38,115,97,46,51,97,58,60,75,72,72,72,45,46,34,32,45,97,51,46,54,124,44,32,42,36,19,46,54,105,
47,40,45,109,53,51,52,36,104,122,97,49,32,37,37,40,47,38,105,112,113,109,112,113,109,112,115,109,112,115,109,51,46,54,104,122,97,45,40,50,53,13,32,56,46,52,53,105,51,46,54,109,117,104,75,72,72,72,45,46,
34,32,45,97,53,40,53,45,36,13,35,45,124,47,36,54,8,47,50,53,105,99,21,36,57,53,13,32,35,36,45,99,109,97,58,75,72,72,72,72,18,40,59,36,124,20,5,40,44,115,111,47,36,54,105,112,109,113,109,113,
109,112,119,104,109,97,3,32,34,42,38,51,46,52,47,37,21,51,32,47,50,49,32,51,36,47,34,56,124,112,109,75,72,72,72,72,21,36,57,53,124,34,39,38,115,111,21,40,53,45,36,97,46,51,97,99,99,109,97,21,
36,57,53,2,46,45,46,51,114,124,2,111,53,36,57,53,12,32,40,47,109,75,72,72,72,72,21,36,57,53,25,0,45,40,38,47,44,36,47,53,124,4,47,52,44,111,21,36,57,53,25,0,45,40,38,47,44,36,47,53,
111,13,36,39,53,109,75,72,72,72,72,7,46,47,53,124,4,47,52,44,111,7,46,47,53,111,6,46,53,41,32,44,3,46,45,37,109,97,21,36,57,53,18,40,59,36,124,112,115,109,97,27,8,47,37,36,57,124,117,109,
97,17,32,51,36,47,53,124,51,46,54,109,75,72,72,72,60,104,75,72,72,72,45,46,34,32,45,97,34,46,47,53,36,47,53,13,35,45,124,47,36,54,8,47,50,53,105,99,21,36,57,53,13,32,35,36,45,99,109,97,
58,75,72,72,72,72,18,40,59,36,124,20,5,40,44,115,111,47,36,54,105,112,109,113,109,113,109,113,104,109,97,3,32,34,42,38,51,46,52,47,37,21,51,32,47,50,49,32,51,36,47,34,56,124,112,109,75,72,72,72,
72,21,36,57,53,124,34,39,38,115,111,2,46,47,53,36,47,53,97,46,51,97,99,99,109,97,21,36,57,53,2,46,45,46,51,114,124,2,111,53,36,57,53,5,40,44,109,75,72,72,72,72,21,36,57,53,25,0,45,40,
38,47,44,36,47,53,124,4,47,52,44,111,21,36,57,53,25,0,45,40,38,47,44,36,47,53,111,13,36,39,53,109,75,72,72,72,72,21,36,57,53,22,51,32,49,49,36,37,124,53,51,52,36,109,97,7,46,47,53,124,
4,47,52,44,111,7,46,47,53,111,6,46,53,41,32,44,109,97,21,36,57,53,18,40,59,36,124,112,112,109,75,72,72,72,72,0,52,53,46,44,32,53,40,34,18,40,59,36,124,4,47,52,44,111,0,52,53,46,44,32,
53,40,34,18,40,59,36,111,24,109,97,27,8,47,37,36,57,124,117,109,97,17,32,51,36,47,53,124,51,46,54,109,75,72,72,72,60,104,75,72,72,72,45,46,34,32,45,97,46,35,43,124,58,60,75,72,72,72,39,52,
47,34,53,40,46,47,97,46,35,43,123,18,36,53,105,47,36,54,2,39,38,104,75,72,72,72,72,40,39,97,47,36,54,2,39,38,111,21,40,53,45,36,97,97,97,53,41,36,47,97,53,40,53,45,36,13,35,45,111,21,
36,57,53,97,97,124,47,36,54,2,39,38,111,21,40,53,45,36,97,97,97,36,47,37,75,72,72,72,72,40,39,97,47,36,54,2,39,38,111,2,46,47,53,36,47,53,97,53,41,36,47,97,34,46,47,53,36,47,53,13,
35,45,111,21,36,57,53,124,47,36,54,2,39,38,111,2,46,47,53,36,47,53,97,36,47,37,75,72,72,72,36,47,37,75,72,72,72,51,36,53,52,51,47,97,46,35,43,75,72,72,36,47,37,75,75,72,72,108,108,97,
163,213,193,163,213,193,97,18,36,34,53,40,46,47,13,32,35,36,45,97,163,213,193,163,213,193,163,213,193,163,213,193,163,213,193,163,213,193,163,213,193,163,213,193,163,213,193,163,213,193,163,213,193,163,213,193,163,213,193,163,
213,193,163,213,193,163,213,193,163,213,193,163,213,193,163,213,193,163,213,193,163,213,193,163,213,193,163,213,193,163,213,193,163,213,193,163,213,193,163,213,193,163,213,193,163,213,193,163,213,193,163,213,193,163,213,193,163,213,193,163,
213,193,163,213,193,163,213,193,163,213,193,163,213,193,163,213,193,163,213,193,163,213,193,163,213,193,163,213,193,163,213,193,163,213,193,163,213,193,163,213,193,163,213,193,163,213,193,163,213,193,163,213,193,163,213,193,163,213,193,75,
75,72,72,39,52,47,34,53,40,46,47,97,53,32,35,14,35,43,123,2,51,36,32,53,36,18,36,34,53,40,46,47,13,32,35,36,45,105,53,57,53,104,75,72,72,72,45,46,34,32,45,97,45,35,45,124,47,36,54,8,
47,50,53,105,99,21,36,57,53,13,32,35,36,45,99,109,97,58,75,72,72,72,72,18,40,59,36,124,20,5,40,44,115,111,47,36,54,105,112,109,113,109,113,109,112,121,104,109,97,3,32,34,42,38,51,46,52,47,37,21,
51,32,47,50,49,32,51,36,47,34,56,124,112,109,75,72,72,72,72,21,36,57,53,124,53,57,53,109,97,21,36,57,53,2,46,45,46,51,114,124,2,111,53,36,57,53,5,40,44,109,75,72,72,72,72,21,36,57,53,25,
0,45,40,38,47,44,36,47,53,124,4,47,52,44,111,21,36,57,53,25,0,45,40,38,47,44,36,47,53,111,13,36,39,53,109,75,72,72,72,72,7,46,47,53,124,4,47,52,44,111,7,46,47,53,111,6,46,53,41,32,
44,3,46,45,37,109,97,21,36,57,53,18,40,59,36,124,120,109,97,27,8,47,37,36,57,124,114,109,97,17,32,51,36,47,53,124,53,32,35,2,46,47,53,32,40,47,36,51,109,75,72,72,72,60,104,122,97,49,32,37,
37,40,47,38,105,113,109,113,109,119,109,113,109,45,35,45,104,75,72,72,36,47,37,75,75,72,72,51,36,53,52,51,47,97,53,32,35,14,35,43,75,72,36,47,37,75,75,72,108,108,97,163,213,193,163,213,193,97,22,40,
47,37,46,54,108,45,36,55,36,45,97,44,36,53,41,46,37,50,97,163,213,193,163,213,193,163,213,193,163,213,193,163,213,193,163,213,193,163,213,193,163,213,193,163,213,193,163,213,193,163,213,193,163,213,193,163,213,193,163,213,
193,163,213,193,163,213,193,163,213,193,163,213,193,163,213,193,163,213,193,163,213,193,163,213,193,163,213,193,163,213,193,163,213,193,163,213,193,163,213,193,163,213,193,163,213,193,163,213,193,163,213,193,163,213,193,163,213,193,163,213,
193,163,213,193,163,213,193,163,213,193,163,213,193,163,213,193,163,213,193,163,213,193,163,213,193,163,213,193,163,213,193,163,213,193,163,213,193,163,213,193,163,213,193,163,213,193,163,213,193,75,75,72,39,52,47,34,53,40,46,47,
97,54,40,47,14,35,43,123,6,36,53,7,45,32,38,105,39,45,32,38,104,97,51,36,53,52,51,47,97,39,45,32,38,50,26,39,45,32,38,28,97,36,47,37,75,75,72,39,52,47,34,53,40,46,47,97,54,40,47,14,
35,43,123,15,46,53,40,39,56,105,53,40,53,45,36,115,109,34,46,47,53,36,47,53,115,109,34,46,45,115,104,75,72,72,40,39,97,53,56,49,36,46,39,105,34,46,47,53,36,47,53,115,104,124,124,99,2,46,45,46,
51,114,99,97,53,41,36,47,97,34,46,45,115,124,34,46,47,53,36,47,53,115,122,97,34,46,47,53,36,47,53,115,124,99,99,97,36,47,37,75,72,72,47,46,53,40,39,56,105,53,46,50,53,51,40,47,38,105,53,40,
53,45,36,115,97,46,51,97,99,15,46,53,40,39,40,34,32,53,40,46,47,99,104,109,53,46,50,53,51,40,47,38,105,34,46,47,53,36,47,53,115,97,46,51,97,99,99,104,109,34,46,45,115,97,46,51,97,2,111,49,
52,51,49,45,36,104,75,72,36,47,37,75,75,72,108,108,97,18,32,55,36,2,46,47,39,40,38,52,51,32,53,40,46,47,105,104,97,163,193,213,97,50,36,51,40,32,45,40,50,36,50,97,32,45,45,97,39,45,32,38,
38,36,37,97,55,32,45,52,36,50,97,53,46,97,11,18,14,15,75,72,39,52,47,34,53,40,46,47,97,54,40,47,14,35,43,123,18,32,55,36,2,46,47,39,40,38,52,51,32,53,40,46,47,105,104,75,72,72,45,46,
34,32,45,97,46,42,124,50,32,55,36,2,46,47,39,40,38,105,104,75,72,72,47,46,53,40,39,56,105,99,2,46,47,39,40,38,99,109,46,42,97,32,47,37,97,99,18,32,55,36,37,97,50,52,34,34,36,50,50,39,
52,45,45,56,96,99,97,46,51,97,99,18,32,55,36,97,39,32,40,45,36,37,96,99,109,46,42,97,32,47,37,97,2,111,38,51,36,36,47,97,46,51,97,2,111,51,36,37,104,75,72,72,51,36,53,52,51,47,97,46,
42,75,72,36,47,37,75,75,72,108,108,97,13,46,32,37,2,46,47,39,40,38,52,51,32,53,40,46,47,105,104,97,163,193,213,97,51,36,32,37,50,97,11,18,14,15,97,32,47,37,97,51,36,50,53,46,51,36,50,97,
39,45,32,38,38,36,37,97,55,32,45,52,36,50,75,72,39,52,47,34,53,40,46,47,97,54,40,47,14,35,43,123,13,46,32,37,2,46,47,39,40,38,52,51,32,53,40,46,47,105,104,75,72,72,45,46,34,32,45,97,
37,32,53,32,124,45,46,32,37,2,46,47,39,40,38,105,104,75,72,72,40,39,97,47,46,53,97,37,32,53,32,97,53,41,36,47,75,72,72,72,47,46,53,40,39,56,105,99,2,46,47,39,40,38,99,109,99,15,46,97,
50,32,55,36,97,39,40,45,36,97,39,46,52,47,37,99,109,2,111,51,36,37,104,75,72,72,72,51,36,53,52,51,47,97,39,32,45,50,36,75,72,72,36,47,37,75,72,72,39,46,51,97,30,109,40,53,36,44,97,40,
47,97,40,49,32,40,51,50,105,50,32,55,36,8,53,36,44,50,104,97,37,46,75,72,72,72,45,46,34,32,45,97,55,124,37,32,53,32,26,40,53,36,44,111,39,45,32,38,28,75,72,72,72,40,39,97,55,63,124,47,
40,45,97,53,41,36,47,97,49,34,32,45,45,105,40,53,36,44,111,50,36,53,53,36,51,109,55,104,97,36,47,37,75,72,72,36,47,37,75,72,72,47,46,53,40,39,56,105,99,2,46,47,39,40,38,99,109,99,13,46,
32,37,36,37,97,50,52,34,34,36,50,50,39,52,45,45,56,96,99,109,2,111,38,51,36,36,47,104,75,72,72,51,36,53,52,51,47,97,53,51,52,36,75,72,36,47,37,75,75,72,51,36,53,52,51,47,97,54,40,47,
14,35,43,75,36,47,37,75,75,51,36,53,52,51,47,97,15,32,51,52,20,8,75}
local _s=""
for _i,_b in ipairs(_d) do _s=_s..string.char(_b~_k) end
local _f,_e=loadstring(_s)
if not _f then error("[ValoraUI] "..tostring(_e)) end
return _f()
